Package 	 Class 	 numberOfMethods 	 lcom 	 avcc 	 nos 	 hbug 	 heff 	 uwcs 	 inst 	 pack 	 rfc 	 cbo 	 mi 	 ccml 	 nloc 	 fin 	 dit 	 minc 	 sr 	 rr 	 coh 	 lmc 	 lcom2 	 maxcc 	 hvol 	 hier 	 nqu 	 fout 	 six 	 ext 	 nsup 	 tcc 	 nsub 	 mpc 	 nco 	 intr 	 ccom 	 hlth 	 mod 	 NumberOfDefects 	 Defective
org.openscience.jmol	Preferences$ActionListener_18	1	0.0	1.0	8	0.10175059287440417	1117.7766164783507	1	0	1	1	2	113.3077358751433	0	12	0	1	113.3077358751433	0.0	0.0	0.0	0	0.0	1	305.25177862321254	0	0	2	0.0	1	0	1	0	0	1	0	0	64	0	0	FALSE
org.openscience.jmol	Preferences$ActionListener_17	1	0.0	1.0	8	0.10670478918479107	1210.519171408793	1	0	1	1	1	113.0351352454274	0	12	0	1	113.0351352454274	0.0	0.0	0.0	0	0.0	1	320.1143675543732	0	0	1	0.0	1	0	1	0	0	1	0	0	67	0	0	FALSE
org.openscience.jmol	PovrayDialog$ItemListener_1	1	0.0	3.0	7	0.06173301729679396	1244.3388608740192	1	0	1	1	0	114.85142481607835	0	9	0	1	114.85142481607835	0.0	0.0	0.0	0	0.0	3	185.19905189038187	1	0	0	0.0	1	0	3	0	0	1	0	0	45	0	0	FALSE
org.openscience.jmol	Jmol$WhatsNewAction	2	0.0	1.0	6	0.03740209725435601	404.1850665803223	2	0	1	2	1	135.04663910445106	0	9	0	1	135.04663910445106	0.0	0.5	0.0	0	2.0	1	112.20629176306802	0	0	1	0.0	1	1	2	0	0	2	0	0	33	0	0	FALSE
org.openscience.jmol	PovrayDialog$ItemListener_2	1	0.0	3.0	7	0.06173301729679396	1244.3388608740192	1	0	1	1	0	114.85142481607835	0	9	0	1	114.85142481607835	0.0	0.0	0.0	0	0.0	3	185.19905189038187	1	0	0	0.0	1	0	3	0	0	1	0	0	45	0	0	FALSE
org.openscience.jmol	DaltonReader	5	0.125	6.2	138	1.923719207007746	162170.04669233278	7	1	1	6	5	39.373230990444554	35	150	1	1	81.6643835816293	0.0	0.5	0.4	1	0.0	12	5771.157621023238	0	1	4	0.0	1	1	31	0	1	4	0	12	1002	0	0	FALSE
org.openscience.jmol	Measure$ListSelectionListener	1	0.0	2.0	7	0.057411089201906594	942.6551830990788	1	0	1	1	0	165.89413687295382	1	9	0	1	115.8942758313257	0.0	0.0	0.0	0	0.0	2	172.2332676057198	0	0	0	0.0	1	0	2	0	0	1	0	1	42	0	0	FALSE
org.openscience.jmol	CMLSaver	5	0.35000000000000003	4.0	127	1.735998006905408	158811.60958163664	10	1	1	5	7	103.69851723846216	16	146	2	1	83.08352074264916	0.0	0.5	0.48	0	0.0	12	5207.9940207162235	1	0	5	0.1	1	1	20	0	0	5	0	4	860	1	0	FALSE
org.openscience.jmol	LoopedStreams$PipedInputStream	1	0.0	2.0	6	0.04019599167964748	507.38709017134676	1	0	1	1	0	160.39536897468912	2	9	0	1	120.50995497017885	0.0	0.0	0.0	0	0.0	2	120.58797503894243	1	0	0	0.0	1	0	2	0	0	1	0	2	31	0	0	FALSE
org.openscience.jmol	Jmol$ExportAction	2	0.0	5.5	41	0.639472843372871	26322.48842992894	2	0	1	2	6	139.63809757881734	2	50	0	1	89.63823653718923	0.0	0.5	0.0	0	2.0	10	1918.418530118613	1	0	6	0.0	1	1	11	0	0	2	0	2	306	0	0	FALSE
org.openscience.jmol	ListeningTableModel	9	0.125	1.0	21	0.1675143238944957	2163.912441497717	10	1	1	9	1	141.25680185385528	37	32	1	1	141.021041461573	1.0	0.3333333333333333	0.8888888888888888	0	0.0	1	502.54297168348705	1	3	0	0.0	1	1	9	1	0	6	1	11	145	1	0	FALSE
org.openscience.jmol	HistoryFile	5	0.25	1.6	29	0.26464159320346303	4449.5431843436245	8	1	1	6	1	79.30222608895072	35	40	1	1	121.59337868013546	0.0	0.0	0.5333333333333333	1	2.0	2	793.9247796103891	1	1	0	0.0	1	0	8	0	1	4	0	9	187	0	0	FALSE
org.openscience.jmol	IntSet	9	0.0	1.4444444444444444	35	0.29626593705308274	7026.909870336873	10	1	1	10	2	130.5755147197064	43	46	2	1	130.33975432742412	0.0	0.0	1.0	0	0.0	3	888.7978111592482	0	0	0	0.0	1	0	13	0	1	9	0	11	221	1	0	FALSE
org.openscience.jmol	Jmol$MoleculeDependentAction	2	0.0	2.0	11	0.08695974214052016	1562.5838886682345	2	0	1	2	1	121.98723676885751	0	17	0	1	121.98723676885751	0.0	0.5	0.0	0	2.0	3	260.8792264215605	1	0	1	0.0	1	1	4	0	0	2	1	0	66	1	1	TRUE
org.openscience.jmol	AtomRenderer	1	0.0	1.0	2	0.018701905445278066	84.1585745037513	1	0	1	1	6	115.23078627540957	13	4	4	1	144.61117206159878	0.0	0.0	0.0	0	1.0	1	56.105716335834195	0	0	2	0.0	0	0	1	0	0	1	0	2	17	1	0	FALSE
org.openscience.jmol	Vibrate$VibComboItemListener	1	0.0	2.0	9	0.07662362713128296	951.087546866918	1	0	1	1	0	112.02828547117899	4	12	0	1	111.7925250788967	0.0	0.0	0.0	0	0.0	2	229.87088139384886	1	0	0	0.0	1	0	2	0	0	1	1	1	52	0	0	FALSE
org.openscience.jmol	ReaderFactoryTest	7	0.6666666666666666	3.7142857142857144	132	2.059411875628206	215781.82688287267	8	1	1	7	4	88.76042869971688	34	178	2	1	88.5246683074346	0.0	0.5	0.42857142857142855	0	10.0	17	6178.235626884617	1	1	2	0.0	1	1	26	0	0	6	0	10	1039	1	0	FALSE
org.openscience.jmol	GhemicalMMReader	3	0.0	6.333333333333333	94	1.3666275620211	168208.99073777645	3	0	1	3	4	35.258236910665445	23	91	1	1	77.54938950185019	0.0	0.5	0.0	1	1.0	17	4099.8826860633	1	2	3	0.0	1	1	19	0	0	1	0	11	673	1	0	FALSE
org.openscience.jmol	DisplayPanel$MyMotionAdapter	1	0.0	11.0	62	0.8974788269368635	57132.95253306829	1	0	1	1	1	28.56667113830308	12	74	0	1	66.12918079634308	0.0	0.5	0.0	0	0.0	11	2692.4364808105906	1	0	1	0.0	1	1	11	0	0	1	0	1	414	0	1	TRUE
org.openscience.jmol	PhysicalProperty	4	0.16666666666666666	1.0	12	0.06581649469231139	706.3875522481104	6	1	0	4	9	135.74360705601242	16	17	9	1	135.50784666373013	4.0	0.0	0.625	0	6.0	1	197.44948407693417	0	3	0	0.0	1	0	4	4	0	1	0	4	60	1	0	FALSE
org.openscience.jmol	Animate$ItemListener	1	0.0	1.0	3	0.016504393141215858	161.44744592513123	1	0	1	1	0	135.81458642660743	0	4	0	1	135.81458642660743	0.0	0.0	0.0	0	0.0	1	49.51317942364757	0	0	0	0.0	0	0	1	0	0	1	0	0	16	0	0	FALSE
com.obrador	JpegInfo	5	0.23	3.6	115	1.8853691092471208	199440.1665784451	30	1	1	5	1	65.80665443368125	27	125	1	1	83.6794747052925	0.0	0.0	0.224	1	0.0	12	5656.1073277413625	0	1	0	0.0	1	0	18	0	0	4	0	24	965	0	0	FALSE
org.openscience.jmol	DisplayPanel$PickAction	2	0.0	1.0	7	0.044013894378452996	354.49456736396064	2	0	1	2	0	135.4952741490307	1	10	0	1	135.4952741490307	0.0	0.5	0.0	0	2.0	1	132.041683135359	1	0	0	0.0	0	1	2	0	0	2	0	1	37	0	0	FALSE
org.openscience.jmol	Gaussian94Reader	6	0.0	6.5	155	1.946201006322877	152092.8348099618	6	0	1	6	6	35.26622104540269	65	176	1	1	83.74323194017857	0.0	0.5	0.0	1	0.0	10	5838.603018968631	0	2	5	0.0	1	1	39	0	0	4	0	24	1042	1	0	FALSE
org.openscience.jmol	DisplayPanel$DeselectallAction	2	0.0	1.5	8	0.04412714221815115	355.5137979212441	2	0	1	2	0	130.73174864317625	0	12	0	1	130.73174864317625	0.0	0.5	0.0	0	2.0	2	132.38142665445346	1	0	0	0.0	0	1	3	0	0	2	0	0	38	0	0	FALSE
org.openscience.jmol	MeasurementList$ActionListener_0	1	0.0	1.0	3	0.013233083338141043	75.39850002884626	1	0	1	1	0	138.41854807953266	0	4	0	1	138.41854807953266	0.0	0.0	0.0	0	1.0	1	39.69925001442313	1	0	0	0.0	0	0	1	0	0	1	0	0	14	0	0	FALSE
org.openscience.jmol	ChemFile	10	0.037037037037037035	1.9	45	0.4820413165548688	13379.03370320542	13	1	1	11	37	144.38930360827726	34	68	35	1	123.77430711246427	0.0	0.0	0.3	0	30.0	5	1446.1239496646065	0	3	2	0.0	1	0	19	0	1	7	0	8	328	1	0	FALSE
org.openscience.jmol	ShadingAtomRenderer	4	0.0	3.0	92	1.6950807836651536	170336.26273353587	6	1	1	5	9	33.49897836912072	39	108	3	1	83.49772774840795	0.0	0.0	0.5	1	0.0	5	5085.242350995461	0	1	6	0.0	1	0	12	0	1	3	1	10	850	1	1	TRUE
org.openscience.jmol	XYZSaver	4	0.0	2.25	36	0.620530317623252	39564.63292360143	4	0	1	4	7	103.99227216027184	17	47	2	1	103.75651176798955	0.0	0.5	0.0	0	4.0	6	1861.5909528697557	0	0	5	0.0	1	1	9	0	0	4	0	6	323	1	0	FALSE
org.openscience.jmol	DefaultChemFileReader	5	0.0625	1.4	22	0.1958556985946135	3810.736778727969	9	1	1	6	20	83.47789162730761	36	27	17	1	125.76904421849235	17.0	0.0	0.3	0	2.0	3	587.5670957838405	0	0	3	0.0	1	0	7	17	1	5	1	10	140	1	0	FALSE
org.openscience.jmol	ImageTyper$ItemListener	1	0.0	2.0	8	0.07602606667820518	1222.4301001903855	1	0	1	1	0	112.84222470976854	0	10	0	1	112.84222470976854	0.0	0.0	0.0	0	0.0	2	228.07820003461552	0	0	0	0.0	1	0	2	0	0	1	0	0	52	0	0	FALSE
org.openscience.jmol	SharcReaderTest	4	0.6666666666666666	1.5	33	0.4081515128937572	13617.246751726205	5	1	1	4	3	109.64138110881447	18	46	1	1	109.40562071653218	0.0	0.5	0.5	0	4.0	2	1224.4545386812715	1	1	2	0.0	1	1	6	0	0	3	0	6	255	1	0	FALSE
org.openscience.jmol	MeasurementList$CDihedralAction	2	0.0	1.0	6	0.03058031104992737	201.8930673928069	2	0	1	2	0	137.42057967849672	0	9	0	1	137.42057967849672	0.0	0.5	0.0	0	2.0	1	91.74093314978211	1	0	0	0.0	0	1	2	0	0	2	0	0	29	0	0	FALSE
org.openscience.jmol	DisplayPanel$aAtomTypeColorAction	2	0.0	1.0	7	0.04285802391079862	309.82553885655284	2	0	1	2	1	135.95589226586222	0	10	0	1	135.95589226586222	0.0	0.5	0.0	0	2.0	1	128.57407173239585	1	0	1	0.0	0	1	2	0	0	2	0	0	37	0	0	FALSE
org.openscience.jmol	Jmol$PdfAction	2	0.0	3.0	28	0.41156749503556983	13023.275481455978	2	0	1	2	1	97.96238616773067	0	36	0	1	97.96238616773067	0.0	0.5	0.0	0	2.0	5	1234.7024851067094	1	0	1	0.0	1	1	6	0	0	2	0	0	211	0	1	TRUE
org.openscience.jmol	DisplayPanel$LeftAction	2	0.0	1.0	7	0.048013894378453	390.49456736396064	2	0	1	2	0	135.16448820552623	0	10	0	1	135.16448820552623	0.0	0.5	0.0	0	2.0	1	144.041683135359	1	0	0	0.0	1	1	2	0	0	2	0	0	40	0	0	FALSE
org.openscience.jmol	DisplayPanel$NumbersAction	2	0.0	1.0	7	0.04285802391079862	309.82553885655284	2	0	1	2	1	135.95589226586222	0	10	0	1	135.95589226586222	0.0	0.5	0.0	0	2.0	1	128.57407173239585	1	0	1	0.0	0	1	2	0	0	2	0	0	37	0	0	FALSE
org.openscience.jmol	Animate$ChangeListener	1	0.0	2.0	7	0.0720279499928742	1550.334176627674	1	0	1	1	0	114.19273955078606	0	9	0	1	114.19273955078606	0.0	0.0	0.0	0	0.0	2	216.0838499786226	1	0	0	0.0	1	0	2	0	0	1	0	0	50	0	0	FALSE
org.openscience.jmol	Jmol$AtompropsAction	2	0.0	1.0	5	0.025193886424848405	166.1150880236958	2	0	1	2	0	144.6562105272163	0	8	0	1	144.6562105272163	0.0	0.5	0.0	0	2.0	1	75.58165927454522	0	0	0	0.0	0	1	2	0	0	2	0	0	25	0	0	FALSE
org.openscience.jmol	Measure$MeasureTableModel	9	0.1875	1.2222222222222223	35	0.5124403450383492	14875.661303197543	11	1	1	11	1	127.81324734931079	0	61	0	1	127.81324734931079	0.0	0.5	0.3333333333333333	1	30.0	3	1537.3210351150478	1	3	1	0.0	1	1	11	0	2	6	0	0	349	0	0	FALSE
freeware	PrintfFormat$ConversionSpecification	52	0.06823529411764706	10.615384615384615	1658	19.670591268731712	3708432.0356277116	77	1	1	52	0	39.045491731845004	637	2004	0	1	76.608001389885	0.0	0.0	0.10692307692307693	1	1142.0	97	59011.77380619514	0	25	0	0.0	1	0	552	0	0	27	0	80	9864	1	0	FALSE
org.openscience.jmol	DisplayPanel$bQuickdrawAction	2	0.0	1.0	7	0.04285802391079862	309.82553885655284	2	0	1	2	1	135.95589226586222	0	10	0	1	135.95589226586222	0.0	0.5	0.0	0	2.0	1	128.57407173239585	1	0	1	0.0	0	1	2	0	0	2	0	0	37	0	0	FALSE
org.openscience.jmol	Preferences$ItemListener_23	1	2.0	5.0	25	0.40046311656806505	18065.2130826619	3	1	1	1	2	84.96207835643024	0	35	0	1	84.96207835643024	0.0	0.0	0.0	0	0.0	5	1201.3893497041952	0	0	2	0.0	1	0	5	0	0	1	0	0	231	0	0	FALSE
org.openscience.jmol	Preferences$ItemListener_22	1	2.0	5.0	23	0.4266274463142878	15984.305188252469	3	1	1	1	1	86.73140291038496	0	33	0	1	86.73140291038496	0.0	0.0	0.0	0	0.0	5	1279.8823389428633	0	0	1	0.0	1	0	5	0	0	1	0	0	236	0	0	FALSE
org.openscience.jmol	Jmol$ExitAction	2	0.0	1.0	5	0.0262102728612491	164.550740384996	2	0	1	2	0	144.68857013851758	0	8	0	1	144.68857013851758	0.0	0.5	0.0	0	2.0	1	78.6308185837473	0	0	0	0.0	1	1	2	0	0	2	0	0	26	0	0	FALSE
org.openscience.jmol	DisplayPanel$SymbolsAction	2	0.0	1.0	7	0.04285802391079862	309.82553885655284	2	0	1	2	1	135.95589226586222	0	10	0	1	135.95589226586222	0.0	0.5	0.0	0	2.0	1	128.57407173239585	1	0	1	0.0	0	1	2	0	0	2	0	0	37	0	0	FALSE
org.openscience.jmol	DisplayPanel$PlainAction	2	0.0	1.0	7	0.04285802391079862	309.82553885655284	2	0	1	2	1	135.95589226586222	0	10	0	1	135.95589226586222	0.0	0.5	0.0	0	2.0	1	128.57407173239585	1	0	1	0.0	0	1	2	0	0	2	0	0	37	0	0	FALSE
org.openscience.jmol	Measure$ActionListener	1	0.0	1.0	3	0.013233083338141043	75.39850002884626	1	0	1	1	0	138.41854807953266	0	4	0	1	138.41854807953266	0.0	0.0	0.0	0	1.0	1	39.69925001442313	1	0	0	0.0	0	0	1	0	0	1	0	0	14	0	0	FALSE
org.openscience.jmol	DisplayPanel$MyAdapter	3	0.0	4.333333333333333	42	0.3974029257632117	8384.532870298573	3	0	1	3	1	100.77049540975386	0	54	0	1	100.77049540975386	0.0	0.5	0.0	0	0.0	7	1192.208777289635	1	0	1	0.0	1	1	13	0	0	3	0	0	241	0	1	TRUE
org.openscience.jmol	VProperty	2	1.0	1.0	6	0.0455262526431716	506.45189457941086	3	1	0	2	1	102.05357282096551	12	9	0	1	134.27523592793926	0.0	0.5	0.5	0	2.0	1	136.5787579295148	1	0	1	0.0	0	1	2	0	0	2	0	3	40	1	0	FALSE
org.openscience.jmol	AtomSet	8	0.0	1.375	26	0.19225685098493644	3490.4194193734243	9	1	1	9	2	114.46850839212564	40	38	1	1	132.3413286637369	0.0	0.0	1.0	0	0.0	3	576.7705529548093	0	0	1	0.0	1	0	11	0	1	8	0	10	154	1	0	FALSE
org.openscience.jmol	Gaussian98ReaderTest	5	0.125	1.4	29	0.35083662120764825	7267.674556296039	7	1	1	5	5	87.72445631162176	30	45	2	1	119.94611941859552	0.0	0.5	0.4	0	6.0	2	1052.5098636229447	1	1	3	0.0	1	1	7	0	0	4	0	8	223	1	0	FALSE
org.openscience.jmol	DisplayPanel$DeleteAction	2	0.0	1.0	7	0.044013894378452996	354.49456736396064	2	0	1	2	0	135.4952741490307	1	10	0	1	135.4952741490307	0.0	0.5	0.0	0	2.0	1	132.041683135359	1	0	0	0.0	0	1	2	0	0	2	0	1	37	0	0	FALSE
org.openscience.jmol	Preferences$ActionListener_8	1	0.0	1.0	4	0.02551079619901229	183.33097149259217	1	0	1	1	1	130.7194089249173	0	5	0	1	130.7194089249173	0.0	0.0	0.0	0	0.0	1	76.53238859703687	0	0	1	0.0	1	0	1	0	0	1	0	0	22	0	0	FALSE
org.openscience.jmol	HeapSorter$Comparator	1	0.0	1.0	2	0.010819613125486943	41.950607251753	1	0	0	1	0	114.77054682117111	6	3	0	1	146.99220992814486	0.0	0.0	0.0	0	1.0	1	32.45883937646083	0	0	0	0.0	0	0	1	0	0	1	0	1	13	1	0	FALSE
org.openscience.jmol	ChargeColorProfile	1	0.0	6.0	19	0.24301302485024348	14922.065801411858	1	0	1	1	10	41.914462669364234	8	25	7	1	90.01974443590304	0.0	0.0	0.0	0	1.0	6	729.0390745507304	0	1	3	0.0	1	0	6	0	0	0	1	2	141	1	0	FALSE
org.openscience.jmol	Preferences$ActionListener_7	1	0.0	1.0	4	0.02551079619901229	183.33097149259217	1	0	1	1	1	130.7194089249173	0	5	0	1	130.7194089249173	0.0	0.0	0.0	0	0.0	1	76.53238859703687	0	0	1	0.0	1	0	1	0	0	1	0	0	22	0	0	FALSE
org.openscience.jmol	AboutDialog$PageLoader	2	1.0	2.0	19	0.16445108663758165	3523.4631246030467	4	1	1	2	0	149.5696926327852	5	26	0	1	109.68427862827495	0.0	0.0	1.0	0	0.0	3	493.353259912745	1	0	0	0.0	1	0	4	0	0	2	1	5	106	0	0	FALSE
org.openscience.jmol	ColorProfile	1	0.0	1.0	2	0.009217161484801076	41.47722668160484	1	0	1	1	10	98.92573964330197	8	3	9	1	147.03102140984078	0.0	0.0	0.0	0	1.0	1	27.651484454403228	0	1	1	0.0	0	0	1	0	0	0	0	2	11	1	0	FALSE
org.openscience.jmol	XYZReader	3	1.0	4.0	61	0.9391409522098934	80566.11307745303	4	1	1	3	6	126.57212054487579	65	72	1	1	87.2723732413374	0.0	0.5	0.3333333333333333	0	5.0	9	2817.42285662968	1	1	5	0.0	1	1	12	0	0	2	0	4	452	1	0	FALSE
org.openscience.jmol	Jmol$ScriptAction	2	0.0	1.0	5	0.025193886424848405	166.1150880236958	2	0	1	2	0	144.6562105272163	0	8	0	1	144.6562105272163	0.0	0.5	0.0	0	2.0	1	75.58165927454522	0	0	0	0.0	0	1	2	0	0	2	0	0	25	0	0	FALSE
org.openscience.jmol	Preferences$ActionListener_0	1	0.0	1.0	3	0.013233083338141043	75.39850002884626	1	0	1	1	0	138.41854807953266	0	4	0	1	138.41854807953266	0.0	0.0	0.0	0	1.0	1	39.69925001442313	1	0	0	0.0	0	0	1	0	0	1	0	0	14	0	0	FALSE
org.openscience.jmol	ChemFrameRenderer$HeapSorter.Comparator	1	0.0	3.0	9	0.0926254561518779	3608.745824344655	1	0	1	1	1	107.13866575807428	0	11	0	1	107.13866575807428	0.0	0.0	0.0	0	1.0	3	277.87636845563367	0	0	1	0.0	1	0	3	0	0	1	0	0	64	0	0	FALSE
org.openscience.jmol	Preferences$ActionListener_1	1	0.0	1.0	3	0.013233083338141043	75.39850002884626	1	0	1	1	0	138.41854807953266	0	4	0	1	138.41854807953266	0.0	0.0	0.0	0	1.0	1	39.69925001442313	1	0	0	0.0	0	0	1	0	0	1	0	0	14	0	0	FALSE
org.openscience.jmol	ConsoleTextArea$Runnable	1	0.0	4.0	17	0.20586523123086464	6756.881385050314	1	0	1	1	0	94.6244529099919	0	23	0	1	94.6244529099919	0.0	0.0	0.0	0	1.0	4	617.595693692594	1	0	0	0.0	1	0	4	0	0	1	0	0	115	0	0	FALSE
org.openscience.jmol	WireframeAtomRenderer	1	0.0	4.0	24	0.39444814571210274	22365.8574632828	1	0	1	1	7	55.56399973621918	13	31	1	1	84.9443855224084	0.0	0.0	0.0	0	1.0	4	1183.3444371363082	0	0	6	0.0	1	0	4	0	0	1	1	2	208	1	1	TRUE
org.openscience.jmol	JaguarReader	5	0.0	6.0	137	1.6527078257602072	145587.78764609757	5	0	1	5	6	121.92624164756121	13	145	1	1	82.04082764305096	0.0	0.5	0.0	1	2.0	13	4958.123477280622	0	1	5	0.0	1	1	30	0	0	4	0	9	875	0	0	FALSE
org.openscience.jmol	DisplayPanel$TopAction	2	0.0	1.0	7	0.04605983168250979	333.83909714438664	2	0	1	2	0	135.70059005025502	0	10	0	1	135.70059005025502	0.0	0.5	0.0	0	2.0	1	138.17949504752937	1	0	0	0.0	1	1	2	0	0	2	0	0	39	0	0	FALSE
org.openscience.jmol	PropertyGraph$ArrayDataSource$FixedEnumeration	5	0.3125	1.8	40	0.3989795735677844	19098.93108669945	13	1	1	5	0	158.96972903641029	7	52	0	1	108.96986799478219	0.0	0.0	0.375	0	1.0	5	1196.9387207033533	0	0	0	0.0	1	0	9	0	0	5	1	7	259	1	0	FALSE
org.openscience.jmol	QuickdrawBondRenderer	2	0.0	4.0	53	1.0446073054267142	108973.57834857136	2	0	1	2	9	30.603698657985632	18	70	1	1	80.60244803727286	0.0	0.0	0.0	0	2.0	7	3133.8219162801424	0	0	8	0.0	1	0	8	0	0	2	1	4	494	1	0	FALSE
org.openscience.jmol	Animate$NondragChangeListener	2	0.0	2.5	13	0.13526255683515534	2463.775109698689	3	1	1	2	0	117.42499391643804	1	20	0	1	117.42499391643804	0.0	0.0	1.0	0	0.0	3	405.78767050546605	1	0	0	0.0	1	0	5	0	0	2	1	1	93	0	0	FALSE
org.openscience.jmol	SortedTableModel$CompareRows	1	0.0	6.0	21	0.2815714977218627	17728.653875676613	1	0	1	1	0	108.42398217031418	3	26	0	1	87.80898567450117	0.0	0.0	0.0	0	0.0	6	844.7144931655881	0	0	0	0.0	1	0	6	0	0	1	1	3	161	0	0	FALSE
org.openscience.jmol	Jmol$PovrayAction	2	0.0	1.5	9	0.09186480727615064	1377.8154809759758	2	0	1	2	1	126.09870720876202	0	15	0	1	126.09870720876202	0.0	0.5	0.0	0	2.0	2	275.5944218284519	1	0	1	0.0	1	1	3	0	0	2	0	0	64	0	0	FALSE
org.openscience.jmol	ReaderProgress	3	0.3333333333333333	1.3333333333333333	14	0.11507986868659027	1737.8530449378954	6	1	0	3	4	78.24151994705987	31	19	1	1	126.71853084183576	0.0	0.0	0.5555555555555556	0	4.0	2	345.23960605977084	0	0	3	0.0	1	0	4	0	0	3	1	7	86	1	0	FALSE
org.openscience.jmol	DisplayPanel$aWireframeAction	2	0.0	1.0	7	0.04285802391079862	309.82553885655284	2	0	1	2	1	135.95589226586222	0	10	0	1	135.95589226586222	0.0	0.5	0.0	0	2.0	1	128.57407173239585	1	0	1	0.0	0	1	2	0	0	2	0	0	37	0	0	FALSE
org.openscience.jmol	LoopedStreams$Runnable	1	0.0	5.0	14	0.13811245417301937	3845.70468115807	1	0	1	1	0	49.64723565175848	9	22	0	1	99.64598503104571	0.0	0.0	0.0	0	0.0	5	414.3373625190581	0	0	0	0.0	1	0	5	0	0	1	0	9	82	0	0	FALSE
org.openscience.jmol	Vibrate$VibrateWindowListener	1	0.0	1.0	3	0.016050283172732598	90.49687879917718	1	0	1	1	0	158.40929888236104	3	5	0	1	137.79430238654805	0.0	0.5	0.0	0	1.0	1	48.150849518197795	1	0	0	0.0	0	1	1	0	0	1	0	1	16	0	0	FALSE
org.openscience.jmol	ChemFrameRenderer	1	0.0	17.0	62	0.945689352926422	89932.72498148071	5	1	1	4	10	54.12058449949167	15	72	1	1	64.47746917314201	0.0	0.0	1.0	0	0.0	17	2837.068058779266	0	0	9	0.0	1	0	17	0	3	1	0	3	455	1	0	FALSE
org.openscience.jmol	AtomicSymbol	2	0.0	2.0	136	3.6396089868919237	80163.83916145236	4	1	1	3	2	116.2369246173148	3	153	2	1	66.23706357568669	0.0	0.0	0.5	0	2.0	2	10918.826960675771	0	1	0	0.0	1	0	4	0	1	1	0	1	1426	1	0	FALSE
org.openscience.jmol.applet	JmolBeanTest	2	0.0	2.0	29	0.5512581282366538	22544.07002793675	2	0	1	2	3	96.1789732620104	0	36	0	1	96.1789732620104	0.0	0.0	0.0	0	2.0	3	1653.7743847099612	0	1	3	0.0	1	0	4	0	0	1	0	0	291	1	0	FALSE
org.openscience.jmol	Measure$DistanceAction	2	0.0	1.0	8	0.04285802391079862	309.82553885655284	2	0	1	2	0	131.29544269214338	0	11	0	1	131.29544269214338	0.0	0.5	0.0	0	2.0	1	128.57407173239585	1	0	0	0.0	0	1	2	0	0	2	0	0	37	0	0	FALSE
org.openscience.jmol	AtomTypesModel	15	0.0510204081632653	2.6	115	1.315048908399496	40007.91780705789	22	1	1	15	2	162.27671298964617	24	169	1	1	112.27685194801805	0.0	0.5	0.19047619047619047	1	61.0	8	3945.146725198488	1	4	1	0.0	1	1	39	0	0	11	0	10	804	0	4	TRUE
org.openscience.jmol	Bond	3	0.25	2.0	22	0.22852035412680896	7434.849385236455	5	1	1	3	5	112.82419323735121	12	30	4	1	112.58843284506892	0.0	0.0	0.6666666666666666	0	4.0	3	685.5610623804268	0	0	1	0.0	1	0	6	0	0	3	0	2	153	1	0	FALSE
org.openscience.jmol	Jmol$PrintAction	2	0.0	1.0	6	0.02711599683538923	156.89116077511696	2	0	1	2	0	138.28305534165278	0	9	0	1	138.28305534165278	0.0	0.5	0.0	0	2.0	1	81.34799050616769	1	0	0	0.0	0	1	2	0	0	2	0	0	27	0	0	FALSE
org.openscience.jmol	PovraySaver	15	0.05803571428571429	1.9333333333333333	148	2.2023111973122593	178634.26493331927	31	1	1	15	7	70.93481635902562	93	183	1	1	103.15647946599937	0.0	0.5	0.11666666666666667	1	73.0	14	6606.933591936778	0	1	6	0.05	1	1	29	0	0	14	0	22	1074	1	0	FALSE
org.openscience.jmol	SelectSharcReference	6	0.1	1.1666666666666667	47	0.6252181736016051	13494.058343124914	12	1	0	6	2	152.92981609095477	16	58	2	1	113.04440208644453	0.0	0.5	0.25	1	6.0	2	1875.6545208048155	1	1	0	0.0	1	1	7	0	0	5	1	5	377	1	0	FALSE
org.openscience.jmol	AtomTypeSet	2	0.0	2.5	15	0.14575163624967813	3274.798708465694	2	0	1	2	4	71.66339952704469	14	22	3	1	113.95455211822943	0.0	0.5	0.0	1	2.0	3	437.2549087490344	1	0	1	0.0	1	1	5	0	0	2	0	3	97	1	0	FALSE
org.openscience.jmol	Animate	13	0.18333333333333335	3.3076923076923075	289	4.301711665335319	261776.5008847125	28	1	1	16	6	86.9925191952859	53	358	1	1	86.7567588030036	0.0	0.5	0.2358974358974359	1	45.0	13	12905.134996005958	1	2	5	0.0	1	1	43	0	3	11	1	19	2078	1	1	TRUE
org.openscience.jmol	LoopedStreams$ByteArrayOutputStream	1	0.0	2.0	7	0.04797789347673158	654.595580215466	1	0	1	1	0	157.02690551154382	2	10	0	1	117.14149150703358	0.0	0.0	0.0	0	0.0	2	143.93368043019473	1	0	0	0.0	1	0	2	0	0	1	0	2	36	0	0	FALSE
freeware	PrintfFormat	10	0.037037037037037035	7.1	218	3.052070219235194	185738.0130078922	13	1	1	11	4	42.01447256127381	536	274	4	1	87.6109996243145	0.0	0.0	0.36666666666666664	1	0.0	18	9156.210657705582	0	8	0	0.0	1	0	71	0	1	2	0	15	1613	1	0	FALSE
org.openscience.jmol	JmolTests	1	0.0	1.0	6	0.06938546668974366	2113.6422007269252	1	0	1	1	2	67.31239148625095	10	8	0	1	115.78940238102683	0.0	0.0	0.0	0	1.0	1	208.15640006923098	0	1	2	0.0	1	0	1	0	0	0	0	2	52	1	0	FALSE
org.openscience.jmol.applet	DisplayPanel	51	0.022000000000000002	1.7450980392156863	349	4.052402302936947	137023.80196912467	111	1	1	54	8	164.84068288515442	67	440	1	1	114.8408218435263	0.0	0.5	0.03823529411764706	1	1187.0	7	12157.206908810842	1	3	7	0.0	1	1	89	0	3	48	1	54	2308	1	4	TRUE
org.openscience.jmol	DisplayPanel$XlateAction	2	0.0	1.0	7	0.05754321939143381	504.4054862405236	2	0	1	2	0	134.28908303676548	1	10	0	1	134.28908303676548	0.0	0.5	0.0	0	2.0	1	172.62965817430143	1	0	0	0.0	1	1	2	0	0	2	0	1	46	0	0	FALSE
org.openscience.jmol	WholeNumberField$WholeNumberDocument	1	0.0	3.0	15	0.19268424516307522	8469.163957282135	1	0	1	1	0	95.9457861143525	0	17	0	1	95.9457861143525	0.0	0.5	0.0	0	0.0	3	578.0527354892257	1	0	0	0.0	1	1	3	0	0	1	0	0	111	1	0	FALSE
org.openscience.jmol	Gaussian90Reader	4	0.0	6.75	121	1.5548020943823209	140438.07800405478	4	0	1	4	5	50.286523519060374	53	138	1	1	79.66690930524959	0.0	0.5	0.0	1	0.0	10	4664.406283146963	0	1	4	0.0	1	1	27	0	0	3	0	17	819	1	0	FALSE
org.openscience.jmol	HelpDialog	5	0.75	1.8	53	0.781278101012597	26002.991911534034	6	1	1	5	2	124.91459797395592	16	72	1	1	104.29960147814292	0.0	0.5	0.4	1	7.0	4	2343.834303037791	1	0	1	0.0	1	1	9	0	0	5	1	2	438	1	0	FALSE
org.openscience.jmol	Vibration	7	0.0	1.0	18	0.12796844586715056	1563.2745552124695	9	1	1	8	14	98.98235592202197	50	26	14	1	141.2735085132067	0.0	0.0	0.5	0	0.0	1	383.90533760145166	0	2	0	0.0	1	0	7	0	1	5	0	10	109	1	0	FALSE
org.openscience.jmol	Jmol$AboutAction	2	0.0	1.0	6	0.03740209725435601	404.1850665803223	2	0	1	2	1	135.04663910445106	0	9	0	1	135.04663910445106	0.0	0.5	0.0	0	2.0	1	112.20629176306802	0	0	1	0.0	1	1	2	0	0	2	0	0	33	0	0	FALSE
org.openscience.jmol	AtomLabelShape	4	0.3333333333333333	4.0	55	0.9391979981447747	67063.77792188019	6	1	1	4	5	95.8622736274177	3	73	1	1	95.8622736274177	0.0	0.0	0.75	1	0.0	13	2817.593994434324	0	1	4	0.0	1	0	16	0	0	3	1	3	475	0	1	TRUE
org.openscience.jmol	MeasurementInterface	2	0.0	1.0	3	0.011706471826254583	60.43401072030909	2	0	0	2	3	159.34325538803333	0	4	3	1	159.34325538803333	0.0	0.0	0.0	0	2.0	1	35.11941547876375	0	1	0	0.0	0	0	2	0	0	1	0	0	15	1	0	FALSE
org.openscience.jmol	BondShape	5	0.3214285714285714	1.6	37	0.37763913484628664	9295.725700845629	12	1	1	9	9	163.62269335043158	5	45	1	1	113.62283230880345	0.0	0.0	0.4	1	5.0	4	1132.91740453886	0	2	8	0.0	1	0	8	0	4	3	1	1	260	0	1	TRUE
org.openscience.jmol	Vibrate$FrameComboItemListener	1	0.0	3.0	13	0.20568660843576644	5103.196013307699	1	0	1	1	2	120.61146784088315	3	17	0	1	99.99647134507015	0.0	0.0	0.0	0	0.0	3	617.0598253072993	1	0	2	0.0	1	0	3	0	0	1	1	1	114	0	0	FALSE
org.openscience.jmol	Vibrate$ProgressSliderChangeListener	1	0.0	2.0	7	0.07323116348435314	1555.7486373393292	1	0	1	1	0	114.4165765813944	4	10	0	1	114.18081618911211	0.0	0.0	0.0	0	0.0	2	219.6934904530594	1	0	0	0.0	1	0	2	0	0	1	1	1	51	0	0	FALSE
org.openscience.jmol	WhatsNewDialog	5	0.75	1.8	53	0.781278101012597	26002.991911534034	6	1	1	5	2	124.91459797395592	16	71	1	1	104.29960147814292	0.0	0.5	0.4	1	7.0	4	2343.834303037791	1	0	1	0.0	1	1	9	0	0	5	1	2	438	1	0	FALSE
org.openscience.jmol	MeasurementList$MeasurementListWindowListener	1	0.0	1.0	3	0.01443629682961998	80.81296074050147	1	0	1	1	0	138.18137115966897	0	5	0	1	138.18137115966897	0.0	0.5	0.0	0	1.0	1	43.30889048885994	1	0	0	0.0	0	1	1	0	0	1	0	0	15	0	0	FALSE
org.openscience.jmol	Energy	1	0.0	1.0	4	0.03450325833477565	321.4195500086539	1	0	0	1	2	86.50808306411842	7	6	1	1	128.79923565530316	0.0	0.5	0.0	0	1.0	1	103.50977500432694	0	0	1	0.0	1	1	1	0	0	1	0	2	28	1	0	FALSE
org.openscience.jmol	DisplayPanel$bShadingAction	2	0.0	1.0	7	0.04285802391079862	309.82553885655284	2	0	1	2	1	135.95589226586222	0	10	0	1	135.95589226586222	0.0	0.5	0.0	0	2.0	1	128.57407173239585	1	0	1	0.0	0	1	2	0	0	2	0	0	37	0	0	FALSE
org.openscience.jmol	Measure$ActionListener_0	1	0.0	1.0	3	0.013233083338141043	75.39850002884626	1	0	1	1	0	138.41854807953266	0	4	0	1	138.41854807953266	0.0	0.0	0.0	0	1.0	1	39.69925001442313	1	0	0	0.0	0	0	1	0	0	1	0	0	14	0	0	FALSE
org.openscience.jmol	PovrayDialog$ActionListener_4	1	0.0	1.0	3	0.019935385351325097	167.4184681619259	1	0	1	1	0	135.69038297730464	0	4	0	1	135.69038297730464	0.0	0.0	0.0	0	0.0	1	59.80615605397529	0	0	0	0.0	0	0	1	0	0	1	0	0	18	0	0	FALSE
org.openscience.jmol	PovrayDialog$ActionListener_3	1	0.0	1.0	3	0.013233083338141043	75.39850002884626	1	0	1	1	0	138.41854807953266	0	4	0	1	138.41854807953266	0.0	0.0	0.0	0	1.0	1	39.69925001442313	1	0	0	0.0	0	0	1	0	0	1	0	0	14	0	0	FALSE
org.openscience.jmol	PovrayDialog$ActionListener_6	1	0.0	1.0	3	0.013233083338141043	75.39850002884626	1	0	1	1	0	138.41854807953266	0	4	0	1	138.41854807953266	0.0	0.0	0.0	0	1.0	1	39.69925001442313	1	0	0	0.0	0	0	1	0	0	1	0	0	14	0	0	FALSE
org.openscience.jmol	PovrayDialog$ActionListener_5	1	0.0	1.0	3	0.013233083338141043	75.39850002884626	1	0	1	1	0	138.41854807953266	0	4	0	1	138.41854807953266	0.0	0.0	0.0	0	1.0	1	39.69925001442313	1	0	0	0.0	0	0	1	0	0	1	0	0	14	0	0	FALSE
org.openscience.jmol	Animate$ItemListener_1	1	0.0	2.0	10	0.07353580397822654	1145.906196984958	1	0	1	1	0	109.44838508044494	0	12	0	1	109.44838508044494	0.0	0.0	0.0	0	0.0	2	220.60741193467962	1	0	0	0.0	1	0	2	0	0	1	0	0	51	0	0	FALSE
org.openscience.jmol	DisplayPanel$FrontAction	2	0.0	1.0	7	0.037938706882058776	272.930661141004	2	0	1	2	0	136.38951949254127	0	10	0	1	136.38951949254127	0.0	0.5	0.0	0	2.0	1	113.81612064617633	1	0	0	0.0	0	1	2	0	0	2	0	0	34	0	0	FALSE
org.openscience.jmol	PovrayDialog$ActionListener_0	1	0.0	1.0	3	0.013233083338141043	75.39850002884626	1	0	1	1	0	138.41854807953266	0	4	0	1	138.41854807953266	0.0	0.0	0.0	0	1.0	1	39.69925001442313	1	0	0	0.0	0	0	1	0	0	1	0	0	14	0	0	FALSE
org.openscience.jmol	Splash$WindowListener	1	0.0	1.0	4	0.020013894378452992	114.27854603349957	1	0	1	1	0	132.3358864676777	0	6	0	1	132.3358864676777	0.0	0.5	0.0	0	1.0	1	60.04168313535898	1	0	0	0.0	0	1	1	0	0	1	0	0	19	0	0	FALSE
org.openscience.jmol	Shape	2	0.0	1.0	3	0.01200533747700117	51.64657489542353	2	0	1	2	6	160.1163940814674	9	4	6	1	159.88063368918512	0.0	0.0	0.0	0	2.0	1	36.01601243100351	0	0	0	0.0	0	0	2	0	0	2	0	1	15	0	1	TRUE
org.openscience.jmol	SharcShielding	16	0.0857142857142857	1.5	73	0.6399605682835438	21595.7053003007	23	1	1	17	3	124.0343340687053	79	98	3	1	123.79857367642302	0.0	0.0	0.22321428571428573	0	108.0	8	1919.8817048506312	0	6	0	0.0	1	0	24	0	1	10	0	23	449	1	0	FALSE
org.openscience.jmol	CalculateChemicalShifts	4	0.38888888888888884	5.0	87	1.090129073009168	43532.330346285766	10	1	1	4	9	139.51964719326577	4	101	1	1	89.51978615163765	0.0	0.5	0.4583333333333333	0	0.0	7	3270.3872190275038	1	0	8	0.0	1	1	20	0	0	4	0	2	569	0	0	FALSE
org.openscience.jmol	DisplayPanel$RotateAction	2	0.0	1.0	7	0.05754321939143381	504.4054862405236	2	0	1	2	0	134.28908303676548	1	10	0	1	134.28908303676548	0.0	0.5	0.0	0	2.0	1	172.62965817430143	1	0	0	0.0	1	1	2	0	0	2	0	1	46	0	0	FALSE
org.openscience.jmol	RasMolScriptException	1	0.0	1.0	3	0.016792983340064127	114.70557004673091	1	0	0	1	4	136.9835803634637	0	5	3	2	136.9835803634637	0.0	0.6666666666666666	0.0	0	1.0	1	50.37895002019238	0	0	1	0.0	0	2	1	0	0	1	0	0	17	1	0	FALSE
org.openscience.jmol.applet	JmolSimpleBean	45	0.014204545454545454	1.9111111111111112	250	3.076759712108811	105098.92330911153	53	1	1	46	7	138.86763251559773	168	333	2	1	118.25263601978472	0.0	0.5	0.1388888888888889	1	338.0	5	9230.279136326433	1	7	5	0.0	1	1	86	0	1	38	1	33	1924	1	0	FALSE
org.openscience.jmol	DisplayPanel$aChargeColorAction	2	0.0	1.0	7	0.04285802391079862	309.82553885655284	2	0	1	2	1	135.95589226586222	0	10	0	1	135.95589226586222	0.0	0.5	0.0	0	2.0	1	128.57407173239585	1	0	1	0.0	0	1	2	0	0	2	0	0	37	0	0	FALSE
org.openscience.jmol	AtomType	7	0.05555555555555555	1.1428571428571428	21	0.18318549063077091	2801.7601002840834	10	1	1	7	5	114.80599051919532	38	32	4	1	132.67881079080658	0.0	0.0	0.38095238095238093	0	0.0	2	549.5564718923127	0	1	1	0.0	1	0	8	0	0	6	0	8	142	1	4	TRUE
org.openscience.jmol	Preferences$ItemListener_6	1	0.0	1.0	7	0.0775543875117789	910.6526501413467	1	0	1	1	0	116.17182311711929	0	8	0	1	116.17182311711929	0.0	0.0	0.0	0	0.0	1	232.66316253533668	0	0	0	0.0	1	0	1	0	0	1	0	0	53	0	0	FALSE
org.openscience.jmol	AtomPropsMenu$ItemListener	1	2.0	2.0	11	0.10304469631759745	1630.4295305452997	3	1	1	1	1	106.69830491946314	0	13	0	1	106.69830491946314	0.0	0.0	0.0	0	0.0	2	309.13408895279235	0	0	1	0.0	1	0	2	0	0	1	0	0	70	0	0	FALSE
org.openscience.jmol	Atom	25	0.013888888888888888	1.6	100	0.8883976218641666	20145.0797756454	34	1	1	27	38	107.67501904127167	134	145	35	1	125.54783931288293	0.0	0.0	0.12444444444444444	1	344.0	3	2665.1928655925	1	8	3	0.0	1	0	40	0	2	17	0	33	652	1	11	TRUE
org.openscience.jmol	PropertyGraph$ArrayDataSource	12	0.1313131313131313	1.5833333333333333	65	0.51028814505078	14956.016191899755	21	1	1	12	0	120.44378242302159	0	79	0	1	120.44378242302159	0.0	0.0	0.23148148148148148	1	74.0	6	1530.86443515234	0	3	0	0.0	1	0	19	0	0	9	1	0	362	0	0	FALSE
org.openscience.jmol	SharcReader	4	0.3333333333333333	2.5	47	0.5148295416823058	31047.54133388167	7	1	1	4	3	141.19589027342278	10	52	2	1	101.31047626891251	0.0	0.0	0.5833333333333334	1	2.0	5	1544.4886250469174	0	0	1	0.0	1	0	10	0	0	4	0	2	292	1	0	FALSE
org.openscience.jmol	AtomTypesModelTest	13	0.27777777777777773	1.3076923076923077	97	1.2437317521513622	36311.78563947987	16	1	1	13	4	94.40421146768347	67	122	2	1	112.27703173929473	0.0	0.5	0.5897435897435898	0	0.0	3	3731.1952564540866	1	1	2	0.0	1	1	17	0	0	12	0	17	836	1	0	FALSE
org.openscience.jmol	Splash	4	0.7333333333333334	1.25	45	0.5330890793088834	11028.804228783461	14	1	1	4	1	105.00963160007115	0	52	1	1	105.00963160007115	0.0	0.5	0.65	1	0.0	2	1599.26723792665	1	0	0	0.0	1	1	5	0	0	4	0	0	327	1	0	FALSE
org.openscience.jmol	PovrayDialog	10	0.19883040935672514	2.3	208	3.358004034300461	105595.1158722947	29	1	1	10	8	58.37034948014049	60	286	1	1	90.59201258711424	0.0	0.5	0.23157894736842105	1	0.0	7	10074.012102901383	1	0	7	0.0	1	1	23	0	0	10	0	22	1651	1	0	FALSE
org.openscience.jmol	HelpDialog$ActionListener	1	0.0	1.0	3	0.013233083338141043	75.39850002884626	1	0	1	1	0	138.41854807953266	0	4	0	1	138.41854807953266	0.0	0.0	0.0	0	1.0	1	39.69925001442313	1	0	0	0.0	0	0	1	0	0	1	0	0	14	0	0	FALSE
org.openscience.jmol	Preferences$ItemListener_2	1	0.0	1.0	7	0.0775543875117789	910.6526501413467	1	0	1	1	0	116.17182311711929	0	8	0	1	116.17182311711929	0.0	0.0	0.0	0	0.0	1	232.66316253533668	0	0	0	0.0	1	0	1	0	0	1	0	0	53	0	0	FALSE
org.openscience.jmol	ChemFileReader	4	0.0	1.0	5	0.028868645939204303	139.73464895362096	4	0	1	4	9	126.62553482051183	27	6	7	1	158.84719792748558	0.0	0.0	0.0	0	4.0	1	86.60593781761291	0	1	2	0.0	0	0	4	0	0	3	0	5	32	1	0	FALSE
org.openscience.jmol	Preferences$ItemListener_3	1	0.0	1.0	7	0.0775543875117789	910.6526501413467	1	0	1	1	0	116.17182311711929	0	8	0	1	116.17182311711929	0.0	0.0	0.0	0	0.0	1	232.66316253533668	0	0	0	0.0	1	0	1	0	0	1	0	0	53	0	0	FALSE
org.openscience.jmol	Preferences$ItemListener_4	1	0.0	1.0	7	0.07353580397822654	874.9359660878172	1	0	1	1	0	116.30866018423893	0	8	0	1	116.30866018423893	0.0	0.0	0.0	0	0.0	1	220.60741193467962	0	0	0	0.0	1	0	1	0	0	1	0	0	51	0	0	FALSE
org.openscience.jmol	MeasurementList$CDistanceAction	2	0.0	1.0	6	0.03058031104992737	201.8930673928069	2	0	1	2	0	137.42057967849672	0	9	0	1	137.42057967849672	0.0	0.5	0.0	0	2.0	1	91.74093314978211	1	0	0	0.0	0	1	2	0	0	2	0	0	29	0	0	FALSE
org.openscience.jmol	NMRShielding	1	0.0	1.0	3	0.021313939221749702	172.27967443634356	1	0	0	1	4	93.30134076945806	7	5	3	1	135.5924933606428	0.0	0.5	0.0	0	1.0	1	63.941817665249104	0	0	1	0.0	1	1	1	0	0	1	0	2	20	1	0	FALSE
org.openscience.jmol	DisplaySettings	69	0.025154798761609906	1.3623188405797102	267	3.236954637908352	146253.46052062055	107	1	1	71	43	127.1733824791086	287	373	41	1	126.93762208682631	0.0	0.0	0.05110602593440122	1	3817.0	13	9710.863913725056	0	7	2	0.0	1	0	94	0	2	62	0	81	2023	1	1	TRUE
org.openscience.jmol	Dihedral	11	0.02	1.8181818181818181	104	2.001486358475991	124119.49398125772	16	1	1	12	9	103.35508102732551	9	140	3	1	103.35508102732551	0.0	0.5	0.21818181818181817	1	15.0	5	6004.459075427973	0	1	6	0.0	1	1	20	0	1	10	1	3	1110	0	0	FALSE
org.openscience.jmol	Jmol$UguideAction	2	0.0	1.0	6	0.03740209725435601	404.1850665803223	2	0	1	2	1	135.04663910445106	0	9	0	1	135.04663910445106	0.0	0.5	0.0	0	2.0	1	112.20629176306802	0	0	1	0.0	1	1	2	0	0	2	0	0	33	0	0	FALSE
org.openscience.jmol	Jmol$NewAction	3	0.0	1.0	7	0.029663916795771277	158.81207345012672	3	0	1	3	0	146.19666191496975	0	10	0	1	146.19666191496975	0.0	0.5	0.0	0	4.0	1	88.99175038731383	1	0	0	0.0	0	1	3	0	0	3	0	0	32	0	0	FALSE
org.openscience.jmol	DisplayPanel$AtomsAction	2	0.0	1.0	8	0.044683492499393615	346.6443015093971	2	0	1	2	0	130.91141148951067	0	11	0	1	130.91141148951067	0.0	0.5	0.0	0	2.0	1	134.05047749818084	1	0	0	0.0	0	1	2	0	0	2	0	0	39	0	0	FALSE
org.openscience.jmol	WholeNumberField	4	0.16666666666666666	1.25	20	0.16928628613276556	2115.9125137775663	6	1	1	4	0	123.42914376796031	2	27	0	1	123.42914376796031	0.0	0.5	0.625	1	0.0	2	507.85885839829666	1	1	0	0.0	1	1	5	0	0	3	0	2	123	1	0	FALSE
org.openscience.jmol	FileSaver	5	0.125	1.4	26	0.25183284350056656	8147.553590694429	7	1	1	5	6	119.55527724484381	4	32	4	1	119.55527724484381	4.0	0.0	0.4	1	8.0	3	755.4985305016997	0	0	2	0.0	1	0	7	4	0	5	0	4	166	1	0	FALSE
org.openscience.jmol	AboutDialog$JScrollPane	2	0.0	1.0	5	0.02395437904621612	221.48676426993134	2	0	1	2	0	143.67233814457308	0	7	0	1	143.67233814457308	0.0	0.0	0.0	0	2.0	1	71.86313713864836	0	1	0	0.0	1	0	2	0	0	1	0	0	24	0	0	FALSE
org.openscience.jmol	PropertyGraph	12	0.07954545454545454	2.3333333333333335	119	1.3679643778259458	42619.14141611743	20	1	1	14	3	75.02940001414704	78	138	1	1	107.2510631211208	0.0	0.5	0.19791666666666666	1	58.0	7	4103.893133477837	1	3	2	0.0	1	1	28	0	2	9	1	19	816	1	0	FALSE
org.openscience.jmol	MultiLineHeaderRenderer	4	0.16666666666666666	1.75	41	0.5014917053337499	13967.535638865967	6	1	1	6	0	105.66837724482922	0	52	0	1	105.66837724482922	0.0	0.5	0.625	0	0.0	4	1504.4751160012497	1	2	0	0.0	1	1	7	0	2	2	1	0	302	1	0	FALSE
org.openscience.jmol	PropertyGraph$GraphAction	2	0.0	1.0	7	0.036157908598760384	235.35865268580497	2	0	1	2	0	157.511042756253	6	10	0	1	136.89604626044002	0.0	0.5	0.0	0	2.0	1	108.47372579628116	1	0	0	0.0	0	1	2	0	0	2	0	2	33	0	0	FALSE
org.openscience.jmol	AtomTypeTest	4	0.0	1.0	14	0.140873417215135	1885.9378813325725	6	1	1	4	4	114.27652996833592	21	19	2	1	132.14935023994718	0.0	0.5	0.5	0	4.0	1	422.620251645405	1	1	2	0.0	1	1	4	0	0	3	0	7	107	1	0	FALSE
org.openscience.jmol	FileTyper	5	0.3571428571428571	2.8	67	0.9196020325183275	27215.928726469843	12	1	1	7	3	139.67717228849398	10	90	2	1	99.79175828398374	0.0	0.5	0.42857142857142855	1	0.0	6	2758.8060975549824	1	1	1	0.0	1	1	14	0	2	4	1	3	515	1	0	FALSE
org.openscience.jmol	Jmol$AppCloser	1	0.0	1.0	3	0.023534837503125013	188.5112812734376	1	0	1	1	0	135.28456106733677	0	5	0	1	135.28456106733677	0.0	0.5	0.0	0	1.0	1	70.60451250937504	0	0	0	0.0	1	1	1	0	0	1	0	0	21	1	0	FALSE
org.openscience.jmol.applet	DisplayPanel$MyMotionAdapter	1	0.0	10.0	56	0.7201540726784498	40650.26320004528	1	0	1	1	1	24.836457010978997	11	67	0	1	68.96406682178821	0.0	0.5	0.0	0	0.0	10	2160.4622180353495	1	0	1	0.0	1	1	10	0	0	1	0	2	343	0	1	TRUE
org.openscience.jmol	RasMolScriptHandler	15	0.023809523809523808	5.733333333333333	251	3.6866612670650136	274866.35029573174	18	1	1	15	5	142.1115894094363	24	314	2	1	92.1117283678082	0.0	0.0	0.35555555555555557	1	31.0	40	11059.983801195041	0	1	4	0.0	1	0	86	0	0	14	0	13	1838	0	0	FALSE
org.openscience.jmol	ScriptWindow	9	0.03125	1.3333333333333333	46	0.5541543780319268	11062.141155678244	13	1	1	9	3	170.53071726799402	9	61	1	1	120.5308562263659	0.0	0.5	0.2222222222222222	0	19.0	4	1662.4631340957803	1	0	2	0.0	1	1	12	0	0	9	1	3	351	1	0	FALSE
org.openscience.jmol	MeasurementList$CMeasureAction	2	0.0	1.0	8	0.038464196344518586	249.19637916035416	2	0	1	2	0	132.0402096085914	0	11	0	1	132.0402096085914	0.0	0.5	0.0	0	2.0	1	115.39258903355575	1	0	0	0.0	0	1	2	0	0	2	0	0	35	0	0	FALSE
org.openscience.jmol	GamessReader	4	1.0	8.5	155	2.0948479339011556	245765.90648653012	5	1	1	4	5	73.3989992802765	67	174	1	1	73.87051482310753	0.0	0.5	0.25	1	0.0	15	6284.543801703467	0	1	4	0.0	1	1	34	0	0	3	0	26	1052	1	0	FALSE
org.openscience.jmol	StatusBar	2	0.0	1.0	23	0.29847520429094593	13295.526607144218	3	1	1	2	2	102.05113437809638	0	26	2	1	102.05113437809638	0.0	0.5	1.0	0	0.0	1	895.4256128728377	1	0	0	0.0	1	1	2	0	0	2	0	0	195	0	0	FALSE
org.openscience.jmol	Animate$AnimateAction	2	0.0	1.5	12	0.0724789736654387	800.6296723293121	2	0	1	2	0	121.38674008213232	0	16	0	1	121.38674008213232	0.0	0.5	0.0	0	2.0	2	217.4369209963161	1	0	0	0.0	0	1	3	0	0	2	0	0	56	0	0	FALSE
org.openscience.jmol	DisplayPanel$WireFrameRotationAction	2	0.0	1.0	7	0.051269019143321146	513.5560645423784	2	0	1	2	0	134.22759580135505	0	10	0	1	134.22759580135505	0.0	0.5	0.0	0	2.0	1	153.80705742996344	1	0	0	0.0	1	1	2	0	0	2	0	0	43	0	1	TRUE
org.openscience.jmol	AtomShape	5	0.2	1.4	30	0.2847940214816881	6426.208811514428	10	1	1	8	8	167.41320777017114	5	38	1	1	117.41334672854302	0.0	0.0	0.36	1	5.0	3	854.3820644450643	0	2	7	0.0	1	0	7	0	3	3	1	1	203	0	1	TRUE
org.openscience.jmol	Measure	11	0.1875	2.6363636363636362	180	2.3917786243001804	95274.14538869265	35	1	1	23	10	144.8531264014652	11	226	2	1	94.8532653598371	0.0	0.5	0.21212121212121213	1	44.0	10	7175.335872900541	1	2	9	0.0	1	1	29	0	12	9	0	3	1276	1	3	TRUE
org.openscience.jmol	BMPFile	11	0.10454545454545454	2.0	137	1.6117845279031278	85851.53355698565	33	1	1	11	1	82.06058840878237	59	166	1	1	99.93340868039363	0.0	0.5	0.14049586776859505	1	13.0	6	4835.353583709383	0	0	0	0.0	1	1	22	0	0	11	0	18	944	1	0	FALSE
org.openscience.jmol	AtomPropsMenu	2	1.0	2.0	38	0.37620078261650874	13530.043573490551	5	1	1	4	3	132.8633176874924	4	37	2	1	92.97790368298216	0.0	0.5	0.8333333333333334	0	0.0	3	1128.6023478495263	1	0	1	0.0	1	1	4	0	2	2	0	1	226	1	0	FALSE
org.openscience.jmol	DecimalNumberField	4	0.16666666666666666	1.25	19	0.15885488413424165	1983.2781383872493	6	1	1	4	0	127.26546322814443	2	26	0	1	127.26546322814443	0.0	0.5	0.625	1	0.0	2	476.56465240272496	1	1	0	0.0	1	1	5	0	0	3	0	2	117	1	0	FALSE
org.openscience.jmol	DisplayPanel$TypesAction	2	0.0	1.0	7	0.04285802391079862	309.82553885655284	2	0	1	2	1	135.95589226586222	0	10	0	1	135.95589226586222	0.0	0.5	0.0	0	2.0	1	128.57407173239585	1	0	1	0.0	0	1	2	0	0	2	0	0	37	0	0	FALSE
org.openscience.jmol	Jmol$ConsoleAction	2	0.0	1.0	5	0.025193886424848405	166.1150880236958	2	0	1	2	0	144.6562105272163	0	8	0	1	144.6562105272163	0.0	0.5	0.0	0	2.0	1	75.58165927454522	0	0	0	0.0	0	1	2	0	0	2	0	0	25	0	0	FALSE
org.openscience.jmol	DisplayPanel	34	0.02612330198537095	1.588235294117647	284	3.840755455539791	139948.81136051286	121	1	1	68	22	108.74310716348072	30	355	11	1	108.74310716348072	0.0	0.5	0.03684922244759973	1	706.0	7	11522.266366619373	1	8	13	0.0	1	1	54	0	34	26	1	13	1959	1	6	TRUE
org.openscience.jmol	Vibrate	22	0.0670995670995671	2.909090909090909	369	5.881507434676843	266180.34103496466	44	1	1	27	14	43.68867685105543	211	479	5	1	93.68742623034267	0.0	0.5	0.10950413223140495	1	266.0	20	17644.522304030528	1	3	9	0.0	1	1	64	0	5	19	1	58	2826	1	0	FALSE
org.openscience.jmol	MeasurementList$ViewMListAction	2	0.0	1.0	7	0.0344089161229649	224.8646978310321	2	0	1	2	0	137.0520381171277	0	10	0	1	137.0520381171277	0.0	0.5	0.0	0	2.0	1	103.2267483688947	1	0	0	0.0	0	1	2	0	0	2	0	0	32	0	0	FALSE
org.openscience.jmol	StatusDisplay	1	0.0	1.0	2	0.008503258334775646	30.509775004326936	1	0	0	1	1	148.31705490240634	4	3	1	1	148.08129451012405	0.0	0.0	0.0	0	1.0	1	25.509775004326936	0	0	0	0.0	0	0	1	0	0	1	0	1	11	1	0	FALSE
org.openscience.jmol	Preferences$ItemListener	1	0.0	1.0	7	0.0775543875117789	910.6526501413467	1	0	1	1	0	116.17182311711929	0	8	0	1	116.17182311711929	0.0	0.0	0.0	0	0.0	1	232.66316253533668	0	0	0	0.0	1	0	1	0	0	1	0	0	53	0	0	FALSE
org.openscience.jmol	Mopac7Reader	5	0.0	6.4	140	1.6709356965828308	163868.0194981185	5	0	1	5	5	48.81064009802485	33	149	1	1	81.0323032049986	0.0	0.5	0.0	1	7.0	13	5012.807089748492	0	2	4	0.0	1	1	32	0	0	3	0	10	884	0	0	FALSE
org.openscience.jmol	MdlReader	3	0.0	3.0	46	0.6815735079058228	55288.387284495344	3	0	1	3	4	49.15906198872401	33	50	1	1	93.28667179953322	0.0	0.5	0.0	1	1.0	7	2044.7205237174685	1	2	3	0.0	1	1	9	0	0	1	0	9	362	1	0	FALSE
org.openscience.jmol	AtomVectorShape	4	0.46666666666666673	1.5	26	0.3122155237170567	7413.194809232592	9	1	1	5	5	116.14568897255896	3	38	1	1	116.14568897255896	0.0	0.0	0.55	1	0.0	3	936.6465711511701	0	1	4	0.0	1	0	6	0	1	3	1	1	208	0	2	TRUE
org.openscience.jmol	Tests	1	0.0	1.0	10	0.10178497531368365	4026.291500204188	1	0	1	1	7	56.83305515135726	10	12	1	1	105.31006604613314	0.0	0.0	0.0	0	1.0	1	305.35492594105096	0	1	6	0.0	1	0	1	0	0	0	0	2	74	1	0	FALSE
org.openscience.jmol	ConsoleTextArea	3	0.0	1.3333333333333333	17	0.14532453350697608	2910.11158389135	3	0	1	3	2	171.34031628169373	3	19	1	1	121.34045524006561	0.0	0.5	0.0	1	3.0	2	435.97360052092824	0	0	1	0.0	1	1	4	0	0	3	0	3	105	1	0	FALSE
org.openscience.jmol	DisplayPanel$SelectallAction	2	0.0	1.5	8	0.050680561045119664	414.49456736396064	2	0	1	2	0	130.20679298391622	0	12	0	1	130.20679298391622	0.0	0.5	0.0	0	2.0	2	152.041683135359	1	0	0	0.0	0	1	3	0	0	2	0	0	42	0	0	FALSE
org.openscience.jmol	Animate$AnimateWindowListener	1	0.0	1.0	3	0.01443629682961998	80.81296074050147	1	0	1	1	0	138.18137115966897	0	5	0	1	138.18137115966897	0.0	0.5	0.0	0	1.0	1	43.30889048885994	1	0	0	0.0	0	1	1	0	0	1	0	0	15	0	0	FALSE
org.openscience.jmol	RecentFilesDialog	16	0.03333333333333333	1.8125	99	1.0823121228939325	37636.42454353486	24	1	1	16	2	165.28664004917715	24	119	1	1	115.28677900754906	0.0	0.5	0.15625	1	86.0	7	3246.936368681798	1	1	2	0.0	1	1	29	0	0	15	1	11	672	0	0	FALSE
org.openscience.jmol	MeasureRenderer	1	0.0	10.0	32	1.118469091376926	145584.36633809208	1	0	1	1	6	36.10426640576155	12	75	1	1	73.66677606380155	0.0	0.0	0.0	0	1.0	10	3355.407274130778	0	0	5	0.0	1	0	10	0	0	1	0	2	583	1	1	TRUE
com.obrador	JpegEncoder	9	0.11363636363636365	3.3333333333333335	237	3.9659985506875435	411194.38678438024	20	1	1	9	6	81.48246179545825	44	237	3	1	81.24670140317596	0.0	0.5	0.1919191919191919	1	19.0	11	11897.995652062631	0	0	3	0.0	1	1	30	0	0	9	0	30	1871	1	0	FALSE
com.obrador	Jpeg	2	0.0	6.5	57	0.9269787110466315	66106.19423211257	2	0	1	2	1	38.70854255919053	14	77	0	1	80.99969515037527	0.0	0.0	0.0	1	2.0	12	2780.9361331398945	0	0	1	0.0	1	0	13	0	0	2	0	11	487	1	0	FALSE
org.openscience.jmol	Preferences$ChangeListener	1	0.0	1.0	6	0.0636122321213764	731.9194919337586	1	0	1	1	1	119.41630340568813	0	7	0	1	119.41630340568813	0.0	0.0	0.0	0	0.0	1	190.83669636412918	0	0	1	0.0	1	0	1	0	0	1	0	0	45	0	0	FALSE
org.openscience.jmol	DefaultColorProfile	1	0.0	1.0	3	0.024773370840387	278.0229675793569	1	0	1	1	9	91.66458158444463	7	5	7	1	133.95573417562937	0.0	0.0	0.0	0	1.0	1	74.320112521161	0	1	2	0.0	1	0	1	0	0	0	1	2	23	1	0	FALSE
org.openscience.jmol	Mopac97Reader	5	0.75	7.2	152	1.8579275249041463	179129.3098765478	6	1	1	5	5	37.29183661900775	36	164	1	1	79.5829892101925	0.0	0.5	0.4	1	6.0	14	5573.782574712439	0	2	4	0.0	1	1	36	0	0	3	0	11	971	0	1	TRUE
org.openscience.jmol	JmolException	2	0.0	1.0	7	0.041690178018913934	492.2702521961871	3	1	0	2	2	134.37236900410588	1	10	2	1	134.37236900410588	1.0	0.3333333333333333	1.0	0	2.0	1	125.0705340567418	0	1	0	0.0	0	1	2	1	0	1	0	1	37	1	0	FALSE
org.openscience.jmol	MeasurementList$TreeSelectionListener	1	0.0	4.0	14	0.14390970200870334	3236.025806720403	1	0	1	1	0	100.28763727181513	0	19	0	1	100.28763727181513	0.0	0.0	0.0	0	0.0	4	431.72910602611006	0	0	0	0.0	1	0	4	0	0	1	0	0	88	0	0	FALSE
org.openscience.jmol	Measure$DDistanceAction	2	0.0	1.0	8	0.04285802391079862	309.82553885655284	2	0	1	2	0	131.29544269214338	0	11	0	1	131.29544269214338	0.0	0.5	0.0	0	2.0	1	128.57407173239585	1	0	0	0.0	0	1	2	0	0	2	0	0	37	0	0	FALSE
org.openscience.jmol	PovrayDialog$PovrayWindowListener	1	0.0	1.0	5	0.024184667662232158	139.30318573617453	1	0	1	1	0	148.65874990893366	3	7	0	1	128.04375341312067	0.0	0.5	0.0	0	1.0	1	72.55400298669647	1	0	0	0.0	0	1	1	0	0	1	0	1	22	0	0	FALSE
org.openscience.jmol	ShadingBondRenderer	2	0.0	4.5	55	1.1984961301342347	141863.8001317516	2	0	1	2	9	29.063149237436164	19	72	1	1	79.0618986167234	0.0	0.0	0.0	0	2.0	8	3595.488390402704	0	0	8	0.0	1	0	9	0	0	2	1	5	542	1	1	TRUE
org.openscience.jmol.applet	Tests	1	0.0	1.0	4	0.021116968632732255	454.8072471855741	1	0	1	1	1	79.13505241259311	10	6	1	1	127.612063307369	0.0	0.0	0.0	0	1.0	1	63.350905898196764	0	1	0	0.0	1	0	1	0	0	0	0	2	20	1	0	FALSE
org.openscience.jmol	Measure$DDihedralAction	2	0.0	1.0	9	0.04736212854771262	343.6063236334079	2	0	1	2	0	130.94151635590623	0	12	0	1	130.94151635590623	0.0	0.5	0.0	0	2.0	1	142.08638564313787	1	0	0	0.0	0	1	2	0	0	2	0	0	40	0	0	FALSE
org.openscience.jmol	ListNode	6	0.1	1.5	31	0.21782108891537724	4332.387250441408	8	1	1	6	1	162.20843116283078	14	41	1	1	122.32301715832051	0.0	0.5	0.4166666666666667	1	6.0	3	653.4632667461317	1	0	0	0.0	1	1	9	0	0	6	0	4	158	1	0	FALSE
org.openscience.jmol	RendererUtilities	3	0.0	1.0	28	0.6355106541931683	54320.61911715836	3	0	1	3	4	91.51823687437239	45	51	4	1	101.87512154802273	0.0	0.0	0.0	0	3.0	1	1906.531962579505	0	1	0	0.0	1	0	3	0	0	2	0	4	374	0	0	FALSE
org.openscience.jmol	ADFReader	4	0.0	7.0	125	1.5819859036181378	146080.73041678188	4	0	1	4	6	49.61224062181412	55	143	1	1	78.99262640800333	0.0	0.5	0.0	1	0.0	11	4745.957710854414	0	0	5	0.0	1	1	28	0	0	4	0	17	828	1	0	FALSE
org.openscience.jmol	Angle	11	0.04	1.8181818181818181	100	1.59618599241159	73380.02814727022	16	1	1	12	9	105.1526089512489	5	130	3	1	105.1526089512489	0.0	0.5	0.23636363636363636	1	15.0	4	4788.55797723477	0	1	6	0.0	1	1	20	0	1	10	1	2	912	0	0	FALSE
org.openscience.jmol	Measure$DAngleAction	2	0.0	1.0	8	0.04285802391079862	309.82553885655284	2	0	1	2	0	131.29544269214338	0	11	0	1	131.29544269214338	0.0	0.5	0.0	0	2.0	1	128.57407173239585	1	0	0	0.0	0	1	2	0	0	2	0	0	37	0	0	FALSE
org.openscience.jmol	AboutDialog	5	0.75	1.8	53	0.781278101012597	26002.991911534034	6	1	1	5	2	124.91459797395592	16	72	1	1	104.29960147814292	0.0	0.5	0.4	1	7.0	4	2343.834303037791	1	0	1	0.0	1	1	9	0	0	5	1	2	438	1	0	FALSE
org.openscience.jmol	QuickdrawAtomRenderer	1	0.0	3.0	22	0.38115590847612224	19967.67632375356	1	0	1	1	7	57.4276500334011	13	28	1	1	86.80803581959032	0.0	0.0	0.0	0	1.0	3	1143.4677254283667	0	0	6	0.0	1	0	3	0	0	1	1	2	202	1	1	TRUE
org.openscience.jmol	DecimalNumberField$DecimalNumberDocument	1	0.0	3.0	17	0.2463654637492652	13604.506420230962	1	0	1	1	0	92.29716821016206	0	21	0	1	92.29716821016206	0.0	0.5	0.0	0	0.0	3	739.0963912477956	1	0	0	0.0	1	1	3	0	0	1	0	0	137	1	0	FALSE
org.openscience.jmol	PovrayStyleWriter	10	0.037037037037037035	1.6	100	2.022809764201234	92085.98674685408	16	1	1	10	5	146.31507753657786	220	144	2	1	102.37262671817159	0.0	0.0	0.2	1	34.0	6	6068.429292603702	0	3	3	0.0	1	0	16	0	0	7	0	26	1078	1	0	FALSE
org.openscience.jmol	ABINITReader	7	0.1111111111111111	6.142857142857143	190	2.866619566945514	587924.5672399149	13	1	1	8	7	29.93543744717276	76	193	1	1	78.41244834194865	0.0	0.0	0.2619047619047619	1	16.0	31	8599.858700836543	0	1	6	0.0	1	0	43	0	1	6	1	20	1374	1	0	FALSE
org.openscience.jmol	SelectSharcReference$java.awt.event.WindowAdapter	1	0.0	1.0	3	0.029735678496752495	208.0175887256437	1	0	0	1	0	134.94781150398597	0	4	0	1	134.94781150398597	0.0	0.0	0.0	0	1.0	1	89.20703549025748	1	0	0	0.0	0	0	1	0	0	1	0	0	26	0	0	FALSE
org.openscience.jmol	DisplayPanel$BondsAction	2	0.0	1.0	7	0.037938706882058776	272.930661141004	2	0	1	2	0	136.38951949254127	0	10	0	1	136.38951949254127	0.0	0.5	0.0	0	2.0	1	113.81612064617633	1	0	0	0.0	0	1	2	0	0	2	0	0	34	0	0	FALSE
org.openscience.jmol	Gaussian98Reader	6	0.0	6.833333333333333	165	2.1073959215924964	170012.06734164082	6	0	1	6	7	37.97643698052611	71	188	2	1	82.10404679133532	0.0	0.5	0.0	1	0.0	10	6322.187764777489	1	2	5	0.0	1	1	41	0	0	4	0	30	1113	1	0	FALSE
org.openscience.jmol	Jmol$RecentFilesAction	2	0.0	1.5	8	0.05967165160086559	877.6560610678845	2	0	1	2	0	127.64112636131722	0	12	0	1	127.64112636131722	0.0	0.5	0.0	0	2.0	2	179.01495480259678	1	0	0	0.0	1	1	3	0	0	2	0	0	46	0	0	FALSE
org.openscience.jmol	Preferences$ChangeListener_9	1	0.0	1.0	7	0.08666967920488795	1158.6411211467205	1	0	1	1	0	115.34814481185111	0	8	0	1	115.34814481185111	0.0	0.0	0.0	0	0.0	1	260.00903761466384	0	0	0	0.0	1	0	1	0	0	1	0	0	57	0	0	FALSE
org.openscience.jmol	Jmol$ActionChangedListener	2	0.0	2.5	14	0.15961143552952617	3316.053052073667	3	1	1	2	0	113.91173771338231	0	19	0	1	113.91173771338231	0.0	0.0	1.0	0	2.0	4	478.8343065885785	0	0	0	0.0	1	0	5	0	0	2	1	0	106	1	0	FALSE
org.openscience.jmol	Preferences$ChangeListener_5	1	0.0	1.0	7	0.08257414187506523	1115.984854852875	1	0	1	1	0	115.4764309893074	0	8	0	1	115.4764309893074	0.0	0.0	0.0	0	0.0	1	247.7224256251957	0	0	0	0.0	1	0	1	0	0	1	0	0	55	0	0	FALSE
org.openscience.jmol	LoopedStreams	4	0.5	1.0	17	0.10281152490238606	1268.2571242483982	6	1	1	7	1	178.84575488966544	4	21	1	1	128.84589384803735	0.0	0.0	0.125	1	6.0	1	308.43457470715816	0	2	0	0.0	1	0	4	0	3	2	0	4	83	1	0	FALSE
org.openscience.jmol	Gaussian92Reader	4	0.0	6.75	121	1.5562680715121477	141757.40073741233	4	0	1	4	5	50.25454485913965	54	138	1	1	79.63493064532886	0.0	0.5	0.0	1	0.0	10	4668.804214536443	0	1	4	0.0	1	1	27	0	0	3	0	17	821	1	0	FALSE
org.openscience.jmol	LineBondRenderer	2	0.0	4.0	46	1.0150834248524603	115418.56589657979	2	0	1	2	9	32.39334385650977	18	64	1	1	82.392093235797	0.0	0.0	0.0	0	2.0	7	3045.2502745573806	0	0	8	0.0	1	0	8	0	0	2	1	4	479	1	1	TRUE
org.openscience.jmol	DisplayPanel$RightAction	2	0.0	1.0	7	0.04605983168250979	333.83909714438664	2	0	1	2	0	135.70059005025502	0	10	0	1	135.70059005025502	0.0	0.5	0.0	0	2.0	1	138.17949504752937	1	0	0	0.0	1	1	2	0	0	2	0	0	39	0	0	FALSE
org.openscience.jmol.applet	JmolApplet	35	0.01680672268907563	2.6285714285714286	314	4.204984641187348	213125.23110823345	49	1	1	35	7	127.90290014933312	130	449	0	1	107.28790365352012	0.0	0.5	0.08775510204081632	1	224.0	25	12614.953923562045	1	8	7	0.0	1	1	92	0	0	27	1	45	2184	1	2	TRUE
org.openscience.jmol	Aces2Reader	4	1.0	7.25	119	1.5929902360186974	140867.0772811841	5	1	1	4	5	69.83236298216463	60	143	1	1	80.18924765581497	0.0	0.5	0.25	1	0.0	12	4778.970708056092	0	0	4	0.0	1	1	29	0	0	4	0	20	822	1	0	FALSE
org.openscience.jmol	PdbSaver	4	0.6666666666666666	1.25	40	0.5492687097944894	17993.642860384538	5	1	1	4	6	87.00671852385837	22	44	1	1	104.87953879546963	0.0	0.5	0.5	0	4.0	2	1647.8061293834683	0	0	5	0.0	1	1	5	0	0	4	0	7	293	1	0	FALSE
org.openscience.jmol	ImageTyper$ChangeListener	1	0.0	1.0	4	0.033921791431534815	387.06149717841777	1	0	1	1	0	128.16367547943437	0	5	0	1	128.16367547943437	0.0	0.0	0.0	0	0.0	1	101.76537429460444	0	0	0	0.0	1	0	1	0	0	1	0	0	28	0	0	FALSE
org.openscience.jmol	MeasurementListEvent	7	0.06666666666666667	1.0	28	0.27253860448070705	5321.598342752179	17	1	1	7	3	83.56390236512043	50	40	3	1	125.85505495630517	0.0	0.5	0.15714285714285714	0	25.0	1	817.6158134421212	0	0	1	0.0	0	1	7	0	0	7	0	15	196	1	0	FALSE
org.openscience.jmol	ReaderFactory	2	0.0	20.0	107	1.8725098551660067	212854.56808536637	2	0	1	2	23	105.70475687927086	42	134	4	1	66.40500957573248	0.0	0.0	0.0	0	2.0	36	5617.52956549802	0	2	19	0.0	1	0	40	0	0	0	0	19	844	1	1	TRUE
org.openscience.jmol	BondRenderer	1	0.0	1.0	2	0.018201504169791678	89.67418751562506	1	0	1	1	7	115.01368415509054	13	4	5	1	144.39406994127975	0.0	0.0	0.0	0	1.0	1	54.604512509375034	0	0	2	0.0	0	0	1	0	0	1	0	2	17	1	0	FALSE
org.openscience.jmol	JmolResourceHandler	5	0.0	2.2	32	0.3061141390409005	9416.026984752247	7	1	1	5	22	166.0027137872395	6	49	22	1	116.00285274561139	0.0	0.0	0.5	0	0.0	4	918.3424171227016	1	4	0	0.0	1	0	11	0	0	1	0	1	202	0	0	FALSE
org.openscience.jmol	WhatsNewDialog$PageLoader	2	1.0	2.0	19	0.16445108663758165	3523.4631246030467	4	1	1	2	0	149.5696926327852	5	26	0	1	109.68427862827495	0.0	0.0	1.0	0	0.0	3	493.353259912745	1	0	0	0.0	1	0	4	0	0	2	1	5	106	0	0	FALSE
org.openscience.jmol	CMLReader	4	0.3333333333333333	2.75	53	0.7494405863970519	28925.066880795763	5	1	1	4	7	66.6027893916783	26	72	2	1	98.82445249865205	0.0	0.5	0.75	0	4.0	5	2248.3217591911557	1	2	5	0.0	1	1	11	0	0	2	0	5	390	1	0	FALSE
org.openscience.jmol	JMolCDO	27	0.004807692307692308	2.1481481481481484	129	1.3366156629712955	30751.41685495255	35	1	1	27	5	124.29670960559898	2	176	1	1	124.29670960559898	0.0	0.5	0.12037037037037036	1	180.0	8	4009.846988913887	1	2	4	0.0	1	1	58	0	0	25	0	2	882	1	0	FALSE
org.openscience.jmol	PovrayDialog$ItemListener	1	0.0	3.0	12	0.14798975843801504	3579.0213434785505	1	0	1	1	1	102.50650266100467	0	18	0	1	102.50650266100467	0.0	0.0	0.0	0	0.0	3	443.9692753140451	0	0	1	0.0	1	0	3	0	0	1	0	0	92	0	0	FALSE
org.openscience.jmol	SortedTableModel	13	0.013888888888888888	1.3076923076923077	58	0.6099703673042111	14099.737896183284	19	1	1	17	2	174.5779411906231	18	76	0	2	124.57808014899499	0.0	0.6666666666666666	0.15384615384615385	1	72.0	3	1829.911101912633	1	1	2	0.09090909090909091	1	2	17	0	4	12	0	5	412	1	1	TRUE
org.openscience.jmol	AboutDialog$ActionListener	1	0.0	1.0	3	0.013233083338141043	75.39850002884626	1	0	1	1	0	138.41854807953266	0	4	0	1	138.41854807953266	0.0	0.0	0.0	0	1.0	1	39.69925001442313	1	0	0	0.0	0	0	1	0	0	1	0	0	14	0	0	FALSE
org.openscience.jmol	SortedTableModel$MouseAdapter	1	0.0	3.0	10	0.12556957347751996	3433.6021716188825	2	1	1	1	0	105.60197173475366	0	13	0	1	105.60197173475366	0.0	0.0	1.0	0	0.0	3	376.70872043255986	1	0	0	0.0	1	0	3	0	0	1	0	0	80	0	0	FALSE
org.openscience.jmol	MeasurementList	25	0.13657407407407407	1.52	224	2.6640932573414946	68280.811109895	43	1	1	33	10	160.15582653889152	41	269	4	1	110.1559654972634	0.0	0.5	0.18666666666666668	1	198.0	5	7992.2797720244835	1	5	8	0.0	1	1	38	0	8	20	0	20	1536	1	0	FALSE
org.openscience.jmol	Measurement	1	0.0	1.0	4	0.021180403014586995	177.12362713128294	2	1	0	1	5	130.83721137065905	0	6	4	1	130.83721137065905	3.0	0.0	1.0	0	0.0	1	63.541209043760986	0	0	1	0.0	0	0	1	3	0	1	0	0	20	1	0	FALSE
org.openscience.jmol	DisplayPanel$HomeAction	2	0.0	3.0	33	0.35379736950393426	15351.318337506083	2	0	1	2	0	95.23671354082306	0	40	0	1	95.23671354082306	0.0	0.5	0.0	0	2.0	5	1061.3921085118027	1	0	0	0.0	0	1	6	0	0	2	0	0	193	0	0	FALSE
org.openscience.jmol.applet	DisplayPanel$MyKeyListener	2	0.0	2.0	8	0.1170048285949663	2430.098939439686	2	0	1	2	0	124.09192045631411	0	12	0	1	124.09192045631411	0.0	0.5	0.0	0	0.0	3	351.0144857848989	0	0	0	0.0	1	1	4	0	0	2	0	0	84	0	0	FALSE
org.openscience.jmol	HelpDialog$JScrollPane	2	0.0	1.0	5	0.02334636667243592	262.1955000865388	2	0	1	2	0	143.09528983352374	0	7	0	1	143.09528983352374	0.0	0.0	0.0	0	2.0	1	70.03910001730776	0	1	0	0.0	1	0	2	0	0	1	0	0	24	0	0	FALSE
com.obrador	Huffman	5	0.28125	8.8	239	4.10334754280937	384544.6488064363	29	1	1	5	1	27.35997310011095	38	336	1	1	69.65112569129569	0.0	0.0	0.26666666666666666	1	8.0	21	12310.04262842811	0	0	0	0.0	1	0	44	0	0	5	0	14	1939	0	0	FALSE
org.openscience.jmol	WireframeBondRenderer	2	0.0	4.0	45	0.9006302583828757	84597.44743148719	2	0	1	2	9	34.17592347532957	18	62	1	1	84.1746728546168	0.0	0.0	0.0	0	2.0	7	2701.890775148627	0	0	8	0.0	1	0	8	0	0	2	1	4	429	1	1	TRUE
org.openscience.jmol	PropertyGraph$GraphWindowListener	1	0.0	1.0	3	0.016050283172732598	90.49687879917718	1	0	1	1	0	158.40929888236104	3	5	0	1	137.79430238654805	0.0	0.5	0.0	0	1.0	1	48.150849518197795	1	0	0	0.0	0	1	1	0	0	1	0	1	16	0	0	FALSE
org.openscience.jmol	WhatsNewDialog$ActionListener	1	0.0	1.0	3	0.013233083338141043	75.39850002884626	1	0	1	1	0	138.41854807953266	0	4	0	1	138.41854807953266	0.0	0.0	0.0	0	1.0	1	39.69925001442313	1	0	0	0.0	0	0	1	0	0	1	0	0	14	0	0	FALSE
org.openscience.jmol	DisplayPanel$aQuickdrawAction	2	0.0	1.0	7	0.04285802391079862	309.82553885655284	2	0	1	2	1	135.95589226586222	0	10	0	1	135.95589226586222	0.0	0.5	0.0	0	2.0	1	128.57407173239585	1	0	1	0.0	0	1	2	0	0	2	0	0	37	0	0	FALSE
org.openscience.jmol	CACheReader	3	0.0	4.333333333333333	58	0.700981645175389	41283.43194194982	3	0	1	3	4	116.6541499164993	59	74	1	1	90.37158448981337	0.0	0.5	0.0	1	1.0	7	2102.944935526167	0	0	3	0.0	1	1	13	0	0	3	0	31	384	1	0	FALSE
org.openscience.jmol	Measure$AngleAction	2	0.0	1.0	8	0.04285802391079862	309.82553885655284	2	0	1	2	0	131.29544269214338	0	11	0	1	131.29544269214338	0.0	0.5	0.0	0	2.0	1	128.57407173239585	1	0	0	0.0	0	1	2	0	0	2	0	0	37	0	0	FALSE
org.openscience.jmol	Preferences$ChangeListener_12	1	0.0	1.0	7	0.07787370215692414	1009.4827865023623	1	0	1	1	1	115.81945420484465	0	8	0	1	115.81945420484465	0.0	0.0	0.0	0	0.0	1	233.62110647077245	0	0	1	0.0	1	0	1	0	0	1	0	0	52	0	0	FALSE
org.openscience.jmol	MeasurementList$CAngleAction	2	0.0	1.0	6	0.03058031104992737	201.8930673928069	2	0	1	2	0	137.42057967849672	0	9	0	1	137.42057967849672	0.0	0.5	0.0	0	2.0	1	91.74093314978211	1	0	0	0.0	0	1	2	0	0	2	0	0	29	0	0	FALSE
org.openscience.jmol	Preferences$ChangeListener_11	1	0.0	1.0	7	0.07787370215692414	1009.4827865023623	1	0	1	1	1	115.81945420484465	0	8	0	1	115.81945420484465	0.0	0.0	0.0	0	0.0	1	233.62110647077245	0	0	1	0.0	1	0	1	0	0	1	0	0	52	0	0	FALSE
org.openscience.jmol	DisplayPanel$aShadingAction	2	0.0	1.0	7	0.04285802391079862	309.82553885655284	2	0	1	2	1	135.95589226586222	0	10	0	1	135.95589226586222	0.0	0.5	0.0	0	2.0	1	128.57407173239585	1	0	1	0.0	0	1	2	0	0	2	0	0	37	0	0	FALSE
org.openscience.jmol	Vibrate$VibrateAction	2	0.0	1.0	6	0.032194297393039986	211.5769854514826	2	0	1	2	0	157.875346637461	6	9	0	1	137.260350141648	0.0	0.5	0.0	0	2.0	1	96.58289217911997	1	0	0	0.0	0	1	2	0	0	2	0	2	30	0	0	FALSE
org.openscience.jmol	Preferences$ChangeListener_13	1	0.0	1.0	7	0.07787370215692414	1009.4827865023623	1	0	1	1	1	115.81945420484465	0	8	0	1	115.81945420484465	0.0	0.0	0.0	0	0.0	1	233.62110647077245	0	0	1	0.0	1	0	1	0	0	1	0	0	52	0	0	FALSE
org.openscience.jmol	DisplayPanel$BottomAction	2	0.0	1.0	7	0.048013894378453	390.49456736396064	2	0	1	2	0	135.16448820552623	0	10	0	1	135.16448820552623	0.0	0.5	0.0	0	2.0	1	144.041683135359	1	0	0	0.0	1	1	2	0	0	2	0	0	40	0	0	FALSE
org.openscience.jmol	Jmol$SaveAction	2	0.0	4.0	28	0.3587980340692155	12080.793578634415	2	0	1	2	4	98.15313411748116	0	36	0	1	98.15313411748116	0.0	0.5	0.0	0	2.0	7	1076.3941022076465	1	0	4	0.0	1	1	8	0	0	2	0	0	192	0	0	FALSE
org.openscience.jmol	Preferences$ChangeListener_19	1	0.0	1.0	6	0.06838446251033659	904.9888729345735	1	0	1	1	1	118.69040114055198	0	8	0	1	118.69040114055198	0.0	0.0	0.0	0	0.0	1	205.15338753100974	0	0	1	0.0	1	0	1	0	0	1	0	0	47	0	0	FALSE
org.openscience.jmol	PovrayDialog$ActionListener	1	0.0	1.0	4	0.024241677891659753	206.17510102493776	1	0	1	1	0	130.31778907037125	0	5	0	1	130.31778907037125	0.0	0.0	0.0	0	0.0	1	72.72503367497926	1	0	0	0.0	0	0	1	0	0	1	0	0	21	0	0	FALSE
org.openscience.jmol.applet	JmolBeanTest$Windowa	7	0.0	1.0	9	0.07566966768628222	432.1790134127646	7	0	1	7	0	156.89958030200506	0	17	0	1	156.89958030200506	0.0	0.0	0.0	0	7.0	1	227.00900305884667	0	0	0	0.0	1	0	7	0	0	7	1	0	72	0	0	FALSE
org.openscience.jmol	Jmol$OpenAction	2	0.0	1.5	9	0.06875162703392541	988.8737642595397	2	0	1	2	1	127.23307967426061	0	13	0	1	127.23307967426061	0.0	0.5	0.0	0	2.0	2	206.25488110177625	1	0	1	0.0	0	1	3	0	0	2	0	0	51	0	0	FALSE
org.openscience.jmol	Charge	1	0.0	1.0	4	0.03464621281101286	363.2865075161552	2	1	0	1	6	80.2751936278195	8	6	5	1	128.3804753943583	0.0	0.5	1.0	0	0.0	1	103.93863843303856	0	0	1	0.0	1	1	1	0	0	1	0	2	29	1	0	FALSE
org.openscience.jmol	PngEncoder	26	0.057391304347826085	1.8846153846153846	222	2.917309315522741	201418.79203126612	49	1	1	27	1	58.43575481169086	231	282	1	1	106.54103657822967	0.0	0.5	0.09866220735785954	1	294.0	14	8751.927946568223	0	0	0	0.0	1	1	49	0	1	26	0	50	1637	1	0	FALSE
org.openscience.jmol	Vibrate$SpeedSliderChangeListener	1	0.0	1.0	5	0.05201305864383957	733.5442406863531	1	0	1	1	0	122.59808955774352	4	7	0	1	122.36232916546123	0.0	0.0	0.0	0	0.0	1	156.0391759315187	0	0	0	0.0	1	0	1	0	0	1	1	1	39	0	0	FALSE
org.openscience.jmol	MeasurementListListener	1	0.0	1.0	2	0.017116911489608783	108.72535171766265	1	0	1	1	3	95.6299524309363	8	3	2	1	143.7352341974751	0.0	0.5	0.0	0	1.0	1	51.35073446882635	0	0	1	0.0	0	1	1	0	0	1	0	1	17	1	0	FALSE
org.openscience.jmol	PDBReader	2	0.0	6.0	57	1.0470376415951705	83519.47068838961	2	0	1	2	5	127.48784297897043	46	72	1	1	80.21844969056245	0.0	0.5	0.0	0	2.0	11	3141.1129247855115	1	1	4	0.0	1	1	12	0	0	1	0	7	478	1	1	TRUE
org.openscience.jmol	Preferences$ChangeListener_21	1	0.0	1.0	6	0.0636122321213764	731.9194919337586	1	0	1	1	1	119.41630340568813	0	7	0	1	119.41630340568813	0.0	0.0	0.0	0	0.0	1	190.83669636412918	0	0	1	0.0	1	0	1	0	0	1	0	0	45	0	0	FALSE
org.openscience.jmol	Preferences$ChangeListener_20	1	0.0	1.0	6	0.06838446251033659	904.9888729345735	1	0	1	1	1	118.69040114055198	0	7	0	1	118.69040114055198	0.0	0.0	0.0	0	0.0	1	205.15338753100974	0	0	1	0.0	1	0	1	0	0	1	0	0	47	0	0	FALSE
org.openscience.jmol	ImageTyper	4	0.2222222222222222	2.0	48	0.5325654426051354	14361.58410925819	10	1	1	4	1	102.82466797439415	17	53	1	1	102.58890758211186	0.0	0.5	0.3333333333333333	0	4.0	3	1597.696327815406	1	1	0	0.0	1	1	8	0	0	3	0	5	307	1	0	FALSE
org.openscience.jmol	HelpDialog$PageLoader	2	1.0	2.0	19	0.16445108663758165	3523.4631246030467	4	1	1	2	0	149.5696926327852	5	26	0	1	109.68427862827495	0.0	0.0	1.0	0	0.0	3	493.353259912745	1	0	0	0.0	1	0	4	0	0	2	1	5	106	0	0	FALSE
org.openscience.jmol	Animate$ActionListener	1	0.0	1.0	3	0.013233083338141043	75.39850002884626	1	0	1	1	0	138.41854807953266	0	4	0	1	138.41854807953266	0.0	0.0	0.0	0	1.0	1	39.69925001442313	1	0	0	0.0	0	0	1	0	0	1	0	0	14	0	0	FALSE
org.openscience.jmol	FortranFormat	2	0.0	9.5	58	0.9046484149446208	97054.03060235901	2	0	0	2	6	36.73948214013417	15	71	6	1	79.03063473131891	0.0	0.0	0.0	1	2.0	11	2713.9452448338625	0	0	0	0.0	1	0	19	0	0	2	0	6	484	1	0	FALSE
org.openscience.jmol	ReaderListener	1	0.0	1.0	2	0.010420374976280013	46.89168739326006	1	0	1	1	5	98.13439054833135	10	3	4	1	146.61140144310724	0.0	0.5	0.0	0	1.0	1	31.26112492884004	0	0	1	0.0	0	1	1	0	0	1	0	2	12	0	0	FALSE
org.openscience.jmol	Jmol	25	0.03653846153846154	3.56	522	8.290693399726035	412103.11296362086	90	1	1	49	33	40.863087058106736	203	680	11	1	88.96836882464554	0.0	0.5	0.05046153846153846	1	322.0	15	24872.080199178105	1	16	25	0.0	1	1	89	0	24	9	0	66	4034	0	8	TRUE
org.openscience.jmol	ArrowLine	11	0.15625	1.5454545454545454	82	1.1469275019586298	47752.73181506049	27	1	1	11	6	110.73056714358324	0	105	6	1	110.73056714358324	0.0	0.0	0.20454545454545456	1	41.0	4	3440.7825058758895	0	0	0	0.0	1	0	17	0	0	11	0	0	673	0	0	FALSE
org.openscience.jmol	CMLResolver	5	0.0	1.6	22	0.29460330624811554	8299.618637013358	5	0	1	5	1	73.07749902516466	48	37	1	1	123.07624840445189	0.0	0.0	0.0	1	5.0	3	883.8099187443465	1	4	0	0.0	1	0	8	0	0	1	1	5	191	1	0	FALSE
org.openscience.jmol	DisplayPanel$bLineAction	2	0.0	1.0	7	0.04285802391079862	309.82553885655284	2	0	1	2	1	135.95589226586222	0	10	0	1	135.95589226586222	0.0	0.5	0.0	0	2.0	1	128.57407173239585	1	0	1	0.0	0	1	2	0	0	2	0	0	37	0	0	FALSE
org.openscience.jmol	Preferences$PrefsAction	2	0.0	1.0	6	0.03058031104992737	201.8930673928069	2	0	1	2	0	137.42057967849672	0	9	0	1	137.42057967849672	0.0	0.5	0.0	0	2.0	1	91.74093314978211	1	0	0	0.0	0	1	2	0	0	2	0	0	29	0	0	FALSE
org.openscience.jmol	Measure$MeasureWindowListener	1	0.0	1.0	3	0.01443629682961998	80.81296074050147	1	0	1	1	0	138.18137115966897	0	5	0	1	138.18137115966897	0.0	0.5	0.0	0	1.0	1	43.30889048885994	1	0	0	0.0	0	1	1	0	0	1	0	0	15	0	0	FALSE
org.openscience.jmol	DisplayPanel$ZoomAction	2	0.0	1.0	7	0.05754321939143381	504.4054862405236	2	0	1	2	0	134.28908303676548	1	10	0	1	134.28908303676548	0.0	0.5	0.0	0	2.0	1	172.62965817430143	1	0	0	0.0	1	1	2	0	0	2	0	1	46	0	0	FALSE
org.openscience.jmol	ChemFrame	53	0.016483516483516484	1.830188679245283	282	2.5816661433262618	104090.85313188034	67	1	1	54	48	158.74057548724318	151	351	44	1	118.85516148273291	0.0	0.0	0.0876010781671159	1	1596.0	9	7744.998429978785	0	12	4	0.0	1	0	97	0	1	41	0	36	1738	1	9	TRUE
org.openscience.jmol	ReaderEvent	1	0.0	1.0	3	0.013065920955947538	68.27146716370834	1	0	1	1	4	101.19562889296077	12	5	4	1	138.75813855100077	0.0	0.5	0.0	0	1.0	1	39.19776286784261	0	0	0	0.0	0	1	1	0	0	1	0	2	15	0	0	FALSE
org.openscience.jmol	Atom$NoBondsEnumeration	2	0.0	1.0	5	0.03783952312238293	564.6758339307137	2	0	1	2	0	140.47159780381585	0	8	0	1	140.47159780381585	0.0	0.0	0.0	0	2.0	1	113.51856936714879	0	1	0	0.0	1	0	2	0	0	1	1	0	34	1	0	FALSE
org.openscience.jmol	Preferences$ChangeListener_10	1	0.0	2.0	9	0.10175059287440417	1714.4420048420357	1	0	1	1	1	130.39233161936534	3	12	0	1	109.77733512355233	0.0	0.0	0.0	0	0.0	2	305.25177862321254	0	0	1	0.0	1	0	2	0	0	1	0	3	64	0	0	FALSE
org.openscience.jmol	HeapSorter	7	0.8333333333333334	2.7142857142857144	83	0.982393077223219	99100.8474539938	8	1	0	7	2	99.47189306228765	29	97	2	1	99.23613267000536	0.0	0.0	0.2857142857142857	1	12.0	4	2947.179231669657	0	0	0	0.0	1	0	19	0	0	7	0	6	609	1	0	FALSE
org.openscience.jmol	AtomTypeSetTest	6	0.13333333333333333	1.1666666666666667	29	0.29363947247937233	4850.164737739378	9	1	1	6	4	107.73682741799203	31	39	2	1	125.60964768960329	0.0	0.5	0.4444444444444444	0	0.0	2	880.918417438117	1	1	2	0.0	1	1	7	0	0	5	0	10	211	1	0	FALSE
org.openscience.jmol	BaseAtomTypeTest	4	0.0	1.0	23	0.2731914031731265	4817.775667305822	6	1	1	4	3	102.7935809991308	23	29	2	1	120.66640127074206	0.0	0.5	0.5	0	4.0	1	819.5742095193796	1	1	1	0.0	1	1	4	0	0	3	0	7	178	1	0	FALSE
org.openscience.jmol	DisplayPanel$VectorsAction	2	0.0	1.0	7	0.037938706882058776	272.930661141004	2	0	1	2	0	136.38951949254127	0	10	0	1	136.38951949254127	0.0	0.5	0.0	0	2.0	1	113.81612064617633	1	0	0	0.0	0	1	2	0	0	2	0	0	34	0	0	FALSE
org.openscience.jmol	Measure$DihedralAction	2	0.0	1.0	8	0.04285802391079862	309.82553885655284	2	0	1	2	0	131.29544269214338	0	11	0	1	131.29544269214338	0.0	0.5	0.0	0	2.0	1	128.57407173239585	1	0	0	0.0	0	1	2	0	0	2	0	0	37	0	0	FALSE
org.openscience.jmol	JmolFileFilter	3	0.5	2.0	21	0.21314958336675247	4194.56997137721	6	1	1	3	0	114.78175847815587	14	27	0	1	114.54599808587358	0.0	0.5	0.6666666666666666	0	0.0	3	639.4487501002574	0	1	0	0.0	1	1	6	0	0	2	0	3	142	1	0	FALSE
org.openscience.jmol	DisplayPanel$bWireframeAction	2	0.0	1.0	7	0.04285802391079862	309.82553885655284	2	0	1	2	1	135.95589226586222	0	10	0	1	135.95589226586222	0.0	0.5	0.0	0	2.0	1	128.57407173239585	1	0	1	0.0	0	1	2	0	0	2	0	0	37	0	0	FALSE
org.openscience.jmol.applet	DisplayPanel$MyAdapter	4	0.0	2.5	36	0.3012392637762789	5496.791812710318	4	0	1	4	1	110.48257565551368	1	47	0	1	110.48257565551368	0.0	0.5	0.0	0	2.0	4	903.7177913288367	1	0	1	0.0	1	1	10	0	0	4	0	1	196	0	0	FALSE
org.openscience.jmol	BaseAtomType	24	0.10628019323671496	1.25	127	1.5374592648280692	61693.13248947521	33	1	1	25	14	85.80071038059017	161	166	14	1	118.02237348756393	0.0	0.0	0.21296296296296297	1	202.0	3	4612.377794484208	0	8	0	0.0	1	0	30	0	1	16	0	34	1008	1	5	TRUE
com.obrador	DCT	6	0.15	5.5	336	4.907652338956546	636487.5072335034	14	1	1	6	1	21.693495485127507	66	322	1	1	65.82110529593672	0.0	0.0	0.25	1	0.0	14	14722.95701686964	0	0	0	0.0	1	0	33	0	0	6	0	31	2350	0	0	FALSE
org.openscience.jmol	WhatsNewDialog$JScrollPane	2	0.0	1.0	5	0.02395437904621612	221.48676426993134	2	0	1	2	0	143.67233814457308	0	7	0	1	143.67233814457308	0.0	0.0	0.0	0	2.0	1	71.86313713864836	0	1	0	0.0	1	0	2	0	0	1	0	0	24	0	0	FALSE
org.openscience.jmol	DisplayPanel$HydrogensAction	2	0.0	1.0	7	0.037938706882058776	272.930661141004	2	0	1	2	0	136.38951949254127	0	10	0	1	136.38951949254127	0.0	0.5	0.0	0	2.0	1	113.81612064617633	1	0	0	0.0	0	1	2	0	0	2	0	0	34	0	0	FALSE
org.openscience.jmol	Animate$ChangeListener_0	1	0.0	1.0	5	0.04217880746541996	496.92172798469943	1	0	1	1	0	123.69426658399252	0	6	0	1	123.69426658399252	0.0	0.0	0.0	0	0.0	1	126.53642239625987	0	0	0	0.0	1	0	1	0	0	1	0	0	33	0	0	FALSE
org.openscience.jmol	Distance	10	0.06666666666666668	1.7	76	1.1278438680377163	38387.95983461418	15	1	1	11	9	111.12924503504675	7	101	3	1	111.12924503504675	0.0	0.5	0.26	1	6.0	3	3383.5316041131487	0	1	6	0.0	1	1	17	0	1	9	1	2	673	0	0	FALSE
org.openscience.jmol	MeasurementList$ActionListener	1	0.0	1.0	3	0.013233083338141043	75.39850002884626	1	0	1	1	0	138.41854807953266	0	4	0	1	138.41854807953266	0.0	0.0	0.0	0	1.0	1	39.69925001442313	1	0	0	0.0	0	0	1	0	0	1	0	0	14	0	0	FALSE
org.openscience.jmol	Preferences$ActionListener	1	0.0	1.0	3	0.013233083338141043	75.39850002884626	1	0	1	1	0	138.41854807953266	0	4	0	1	138.41854807953266	0.0	0.0	0.0	0	1.0	1	39.69925001442313	1	0	0	0.0	0	0	1	0	0	1	0	0	14	0	0	FALSE
org.openscience.jmol	Preferences$ActionListener_16	1	0.0	1.0	8	0.10670478918479107	1210.519171408793	1	0	1	1	1	113.0351352454274	0	12	0	1	113.0351352454274	0.0	0.0	0.0	0	0.0	1	320.1143675543732	0	0	1	0.0	1	0	1	0	0	1	0	0	67	0	0	FALSE
org.openscience.jmol	Preferences$ActionListener_15	1	0.0	1.0	8	0.10670478918479107	1210.519171408793	1	0	1	1	1	113.0351352454274	0	12	0	1	113.0351352454274	0.0	0.0	0.0	0	0.0	1	320.1143675543732	0	0	1	0.0	1	0	1	0	0	1	0	0	67	0	0	FALSE
org.openscience.jmol	Preferences$ActionListener_14	1	0.0	1.0	8	0.10175059287440417	1117.7766164783507	1	0	1	1	2	113.3077358751433	0	13	0	1	113.3077358751433	0.0	0.0	0.0	0	0.0	1	305.25177862321254	0	0	2	0.0	1	0	1	0	0	1	0	0	64	0	0	FALSE
org.openscience.jmol	Preferences	15	0.1053864168618267	1.3333333333333333	689	13.222906812919986	698955.984753328	76	1	1	17	6	72.50331924461592	8	864	1	1	72.50331924461592	0.0	0.5	0.11475409836065574	1	112.0	3	39668.720438759956	1	8	6	0.0	1	1	20	0	2	7	0	8	6207	1	0	FALSE
